{"AssignIndex":19,"mkk9313@gmail.com":{"Name":"Manish","Password":"123456789","Email":"mkk9313@gmail.com","Files":["mkk9313@gmail.com_2021_1.csv","mkk9313@gmail.com_2021_2.csv","mkk9313@gmail.com_2021_3.csv","mkk9313@gmail.com_2021_4.csv","mkk9313@gmail.com_2021_5.csv","mkk9313@gmail.com_2021_6.csv","mkk9313@gmail.com_2021_7.csv","mkk9313@gmail.com_2021_8.csv","mkk9313@gmail.com_2021_9.csv","mkk9313@gmail.com_2021_10.csv","mkk9313@gmail.com_2021_11.csv","mkk9313@gmail.com_2021_12.csv","mkk9313@gmail.com_2021_13.csv","mkk9313@gmail.com_2021_14.csv","mkk9313@gmail.com_2021_15.csv","mkk9313@gmail.com_2021_16.csv","mkk9313@gmail.com_2021_17.csv","mkk9313@gmail.com_2021_18.csv","mkk9313@gmail.com_2021_19.csv"]}}