status,ch,up,an,ap,as,ar,ga,gj,ct,tn,ld,nl,la,tt,py,tr,pb,tg,hp,rj,dn,dl,wb,hr,dd,jh,br,jk,date,ka,ml,mn,mh,kl,sk,un,mp,ut,or,mz
Confirmed,0,12,0,1,0,0,0,0,0,1,0,0,0,81,0,0,1,1,0,3,0,7,0,14,0,0,0,2,14-Mar-20,6,0,0,14,19,0,0,0,0,0,0
Recovered,0,4,0,0,0,0,0,0,0,0,0,0,0,9,0,0,0,0,0,1,0,1,0,0,0,0,0,0,14-Mar-20,0,0,0,0,3,0,0,0,0,0,0
Deceased,0,0,0,0,0,0,0,0,0,0,0,0,0,2,0,0,0,0,0,0,0,1,0,0,0,0,0,0,14-Mar-20,1,0,0,0,0,0,0,0,0,0,0
Confirmed,0,1,0,0,0,0,0,0,0,0,0,0,0,27,0,0,0,2,0,1,0,0,0,0,0,0,0,0,15-Mar-20,0,0,0,18,5,0,0,0,0,0,0
Recovered,0,0,0,0,0,0,0,0,0,0,0,0,0,4,0,0,0,1,0,2,0,1,0,0,0,0,0,0,15-Mar-20,0,0,0,0,0,0,0,0,0,0,0
Deceased,0,0,0,0,0,0,0,0,0,0,0,0,0,0,0,0,0,0,0,0,0,0,0,0,0,0,0,0,15-Mar-20,0,0,0,0,0,0,0,0,0,0,0
Confirmed,0,0,0,0,0,0,0,0,0,0,0,0,0,15,1,0,0,1,0,0,0,0,0,0,0,0,0,1,16-Mar-20,1,0,0,6,3,0,0,0,1,1,0
Recovered,0,0,0,0,0,0,0,0,0,1,0,0,0,1,0,0,0,0,0,0,0,0,0,0,0,0,0,0,16-Mar-20,0,0,0,0,0,0,0,0,0,0,0
Deceased,0,0,0,0,0,0,0,0,0,0,0,0,0,0,0,0,0,0,0,0,0,0,0,0,0,0,0,0,16-Mar-20,0,0,0,0,0,0,0,0,0,0,0
Confirmed,0,2,0,0,0,0,0,0,0,0,0,0,0,11,0,0,0,1,0,0,0,1,1,1,0,0,0,0,17-Mar-20,2,0,0,3,0,0,0,0,0,0,0
Recovered,0,1,0,0,0,0,0,0,0,0,0,0,0,1,0,0,0,0,0,0,0,0,0,0,0,0,0,0,17-Mar-20,0,0,0,0,0,0,0,0,0,0,0
Deceased,0,0,0,0,0,0,0,0,0,0,0,0,0,1,0,0,0,0,0,0,0,0,0,0,0,0,0,0,17-Mar-20,0,0,0,1,0,0,0,0,0,0,0
Confirmed,0,2,0,0,0,0,0,0,0,1,0,0,8,37,0,0,1,8,0,3,0,2,0,1,0,0,0,1,18-Mar-20,5,0,0,3,0,0,0,0,1,1,0
Recovered,0,0,0,0,0,0,0,0,0,0,0,0,0,0,0,0,0,0,0,0,0,0,0,0,0,0,0,0,18-Mar-20,0,0,0,0,0,0,0,0,0,0,0
Deceased,0,0,0,0,0,0,0,0,0,0,0,0,0,0,0,0,0,0,0,0,0,0,0,0,0,0,0,0,18-Mar-20,0,0,0,0,0,0,0,0,0,0,0
Confirmed,1,3,0,2,0,0,0,2,1,1,0,0,0,27,0,0,0,3,0,2,0,4,0,1,0,0,0,0,19-Mar-20,1,0,0,4,1,0,0,0,1,0,0
Recovered,0,4,0,0,0,0,0,0,0,0,0,0,0,5,0,0,0,0,0,0,0,1,0,0,0,0,0,0,19-Mar-20,0,0,0,0,0,0,0,0,0,0,0
Deceased,0,0,0,0,0,0,0,0,0,0,0,0,0,1,0,0,1,0,0,0,0,0,0,0,0,0,0,0,19-Mar-20,0,0,0,0,0,0,0,0,0,0,0
Confirmed,4,4,0,0,0,0,0,5,0,0,0,0,2,58,0,0,1,3,2,8,0,6,1,2,0,0,0,0,20-Mar-20,0,0,0,4,12,0,0,4,0,0,0
Recovered,0,0,0,0,0,0,0,0,0,0,0,0,0,3,0,0,0,0,0,0,0,2,0,0,0,0,0,0,20-Mar-20,1,0,0,0,0,0,0,0,0,0,0
Deceased,0,0,0,0,0,0,0,0,0,0,0,0,0,0,0,0,0,0,0,0,0,0,0,0,0,0,0,0,20-Mar-20,0,0,0,0,0,0,0,0,0,0,0
Confirmed,0,4,0,2,0,0,0,7,0,3,0,0,3,78,0,0,10,2,0,7,0,7,2,2,0,0,0,0,21-Mar-20,5,0,0,12,12,0,0,0,0,0,0
Recovered,0,0,0,0,0,0,0,0,0,0,0,0,0,0,0,0,0,0,0,0,0,0,0,0,0,0,0,0,21-Mar-20,0,0,0,0,0,0,0,0,0,0,0
Deceased,0,0,0,0,0,0,0,0,0,0,0,0,0,0,0,0,0,0,0,0,0,0,0,0,0,0,0,0,21-Mar-20,0,0,0,0,0,0,0,0,0,0,0
Confirmed,1,2,0,1,0,0,0,4,0,3,0,0,0,67,0,0,8,6,0,4,0,0,3,0,0,0,2,0,22-Mar-20,6,0,0,10,15,0,0,2,0,0,0
Recovered,0,0,0,0,0,0,0,0,0,0,0,0,0,0,0,0,0,0,0,0,0,0,0,0,0,0,0,0,22-Mar-20,0,0,0,0,0,0,0,0,0,0,0
Deceased,0,0,0,0,0,0,0,1,0,0,0,0,0,3,0,0,0,0,0,0,0,0,0,0,0,0,1,0,22-Mar-20,0,0,0,1,0,0,0,0,0,0,0
Confirmed,1,2,0,1,0,0,0,12,0,3,0,0,0,102,0,0,2,6,1,4,0,3,0,7,0,0,1,0,23-Mar-20,7,0,0,23,28,0,0,0,1,0,0
Recovered,0,0,0,0,0,0,0,0,0,0,0,0,0,12,0,0,0,0,0,0,0,0,0,11,0,0,0,0,23-Mar-20,1,0,0,0,0,0,0,0,0,0,0
Deceased,0,0,0,0,0,0,0,0,0,0,0,0,0,2,0,0,0,0,1,0,0,0,1,0,0,0,0,0,23-Mar-20,0,0,0,0,0,0,0,0,0,0,0
Confirmed,0,3,0,1,0,0,0,4,0,6,0,0,0,64,0,0,6,4,0,0,0,0,2,2,0,0,0,2,24-Mar-20,8,0,1,10,14,0,0,1,0,0,0
Recovered,0,2,0,0,0,0,0,0,0,0,0,0,0,5,0,0,0,0,0,0,0,1,0,0,0,0,0,0,24-Mar-20,1,0,0,0,1,0,0,0,0,0,0
Deceased,0,0,0,0,0,0,0,0,0,1,0,0,0,1,0,0,0,0,0,0,0,0,0,0,0,0,0,0,24-Mar-20,0,0,0,0,0,0,0,0,0,0,0
Confirmed,0,3,0,2,0,0,3,4,2,8,0,0,0,90,0,0,2,4,0,6,0,5,0,1,0,0,1,5,25-Mar-20,10,0,0,15,9,0,0,8,1,0,1
Recovered,0,0,0,1,0,0,0,0,0,0,0,0,0,3,0,0,0,0,0,0,0,0,0,0,0,0,0,1,25-Mar-20,0,0,0,1,0,0,0,0,0,0,0
Deceased,0,0,0,0,0,0,0,0,0,0,0,0,0,1,0,0,0,0,0,0,0,0,0,0,0,0,0,0,25-Mar-20,0,0,0,0,0,0,0,1,0,0,0
Confirmed,0,4,1,1,0,0,0,5,3,3,0,0,0,65,0,0,2,3,0,2,0,1,1,1,0,0,3,3,26-Mar-20,4,0,0,3,19,0,0,5,0,1,0
Recovered,0,0,0,0,0,0,0,0,0,0,0,0,0,7,0,0,0,0,0,0,0,0,0,0,0,0,0,0,26-Mar-20,0,0,0,0,7,0,0,0,0,0,0
Deceased,0,0,0,0,0,0,0,2,0,0,0,0,0,5,0,0,0,0,0,0,0,0,0,0,0,0,0,1,26-Mar-20,1,0,0,1,0,0,0,0,0,0,0
Confirmed,1,7,5,2,0,0,0,4,0,9,0,0,0,164,0,0,5,15,0,10,0,4,5,1,0,0,2,6,27-Mar-20,9,0,0,31,39,0,0,9,0,0,0
Recovered,0,0,0,0,0,0,0,0,0,1,0,0,3,26,0,0,1,0,1,0,0,0,0,0,0,0,0,0,27-Mar-20,2,0,0,18,0,0,0,0,0,0,0
Deceased,0,0,0,0,0,0,0,0,0,0,0,0,0,3,0,0,0,0,0,0,0,0,0,0,0,0,0,0,27-Mar-20,1,0,0,1,0,0,0,1,0,0,0
Confirmed,0,16,3,6,0,0,0,8,1,4,0,0,0,143,0,0,0,8,0,4,0,9,3,2,0,0,2,13,28-Mar-20,17,0,0,30,6,0,0,10,1,0,0
Recovered,0,0,0,0,0,0,0,0,0,0,0,0,0,9,0,0,0,0,1,0,0,0,0,0,0,0,0,0,28-Mar-20,0,0,0,6,1,0,0,0,1,0,0
Deceased,0,0,0,0,0,0,0,1,0,0,0,0,0,5,0,0,0,1,0,0,0,0,0,0,0,0,0,0,28-Mar-20,0,0,0,2,1,0,0,0,0,0,0
Confirmed,0,7,0,2,0,0,2,8,0,8,0,0,0,110,0,0,0,3,0,5,0,23,3,0,0,0,4,5,29-Mar-20,2,0,0,17,20,0,0,0,1,0,0
Recovered,0,0,0,0,0,0,0,1,0,0,0,0,0,5,0,0,0,0,0,0,0,0,0,0,0,0,0,0,29-Mar-20,0,0,0,0,4,0,0,0,0,0,0
Deceased,0,0,0,0,0,0,0,1,0,0,0,0,0,3,0,0,0,0,0,0,0,1,0,0,0,0,0,0,29-Mar-20,0,0,0,1,0,0,0,0,0,0,0
Confirmed,5,24,1,2,0,0,0,7,1,17,0,0,0,187,0,0,3,7,0,20,0,25,1,1,0,0,0,11,30-Mar-20,5,0,0,17,32,0,0,8,0,0,0
Recovered,0,6,0,0,0,0,0,2,0,2,0,0,0,49,0,0,0,13,0,0,0,0,0,6,0,0,0,0,30-Mar-20,1,0,0,14,4,0,0,0,1,0,0
Deceased,0,0,0,0,0,0,0,1,0,0,0,0,0,13,0,0,2,5,0,0,0,0,1,0,0,0,0,0,30-Mar-20,0,0,0,2,0,0,0,2,0,0,0
Confirmed,2,8,0,21,1,0,0,4,1,57,0,0,0,309,0,0,1,20,0,14,0,23,15,7,0,1,6,6,31-Mar-20,13,0,0,82,7,0,0,19,0,1,0
Recovered,0,0,0,0,0,0,0,2,2,2,0,0,0,15,0,0,0,0,0,0,0,0,3,0,0,0,0,0,31-Mar-20,2,0,0,0,4,0,0,0,0,0,0
Deceased,0,0,0,0,0,0,0,0,0,0,0,0,0,6,0,0,1,0,0,0,0,0,1,0,0,0,0,1,31-Mar-20,0,0,0,1,1,0,0,1,0,0,0
Confirmed,2,13,0,67,15,0,0,13,0,110,0,0,0,424,2,0,4,30,0,27,0,32,0,0,0,0,3,7,01-Apr-20,9,0,0,33,24,0,0,32,0,1,0
Recovered,0,0,0,1,0,0,0,0,0,0,0,0,0,16,0,0,0,0,0,0,0,0,0,10,0,0,0,1,01-Apr-20,1,0,0,0,2,0,0,0,0,1,0
Deceased,0,2,0,0,0,0,0,0,0,0,0,0,0,9,0,0,0,3,0,0,0,0,0,0,0,0,0,0,01-Apr-20,0,0,0,3,0,0,0,1,0,0,0
Confirmed,1,11,0,38,0,1,0,1,0,75,0,0,0,486,2,0,1,27,3,13,0,141,16,6,0,1,5,8,02-Apr-20,14,0,1,88,21,0,0,9,3,0,0
Recovered,0,0,0,0,0,0,0,5,1,0,0,0,0,22,0,0,0,3,0,0,0,2,0,0,0,0,3,1,02-Apr-20,2,0,0,3,2,0,0,0,0,0,0
Deceased,0,0,0,0,0,0,0,1,0,0,0,0,0,14,0,0,1,0,0,0,0,2,0,0,0,0,0,0,02-Apr-20,0,0,0,8,0,0,0,2,0,0,0
Confirmed,0,46,0,15,7,0,1,7,0,102,0,0,1,560,0,0,6,75,0,46,0,93,0,9,0,0,2,5,03-Apr-20,4,0,0,64,9,0,0,47,6,15,0
Recovered,0,0,0,0,0,0,0,0,0,0,0,0,0,38,0,0,0,15,0,0,0,0,0,0,0,0,0,0,03-Apr-20,0,0,0,8,14,0,0,0,0,1,0
Deceased,0,0,0,1,0,0,0,2,0,0,0,0,0,14,0,0,0,2,1,0,0,2,0,0,0,0,0,0,03-Apr-20,1,0,0,5,0,0,0,0,0,0,0
Confirmed,0,60,0,28,3,0,1,13,1,74,0,0,0,579,0,0,12,43,7,27,0,59,0,26,0,0,1,17,04-Apr-20,16,0,0,148,11,0,0,25,6,1,0
Recovered,3,4,0,0,0,0,0,3,0,2,0,0,0,56,0,0,2,1,0,22,0,8,0,1,0,0,0,0,04-Apr-20,0,0,0,2,8,0,0,0,0,0,0
Deceased,0,0,0,0,0,0,0,1,0,2,0,0,0,13,0,0,0,0,0,1,0,0,0,0,0,0,0,0,04-Apr-20,0,0,0,6,0,0,0,3,0,0,0
Confirmed,0,44,0,64,0,0,0,20,0,86,0,0,0,609,0,0,3,62,1,60,0,58,27,6,0,1,0,14,05-Apr-20,7,0,0,112,8,0,0,14,4,18,0
Recovered,2,0,0,3,0,0,0,8,5,0,0,0,0,43,0,0,1,0,0,0,0,0,7,0,0,0,0,1,05-Apr-20,1,0,0,4,6,0,0,3,2,0,0
Deceased,0,1,0,0,0,0,0,1,0,2,0,0,0,22,0,0,2,0,0,0,0,1,0,0,0,0,0,0,05-Apr-20,0,0,0,13,0,0,0,2,0,0,0
Confirmed,0,27,0,47,0,0,0,18,0,50,0,0,0,484,0,1,11,30,4,35,0,22,0,20,0,1,0,3,06-Apr-20,12,0,0,121,13,0,0,63,5,1,0
Recovered,0,0,0,0,0,0,0,1,0,5,0,0,7,65,0,0,0,12,0,0,0,0,0,0,0,0,6,0,06-Apr-20,8,0,1,14,3,0,0,8,0,0,0
Deceased,0,0,0,2,0,0,0,1,0,1,0,0,0,16,0,0,0,0,0,1,0,0,0,2,0,0,0,0,06-Apr-20,0,0,0,7,0,0,0,2,0,0,0
Confirmed,0,27,0,11,2,0,0,29,0,69,0,0,0,572,0,0,20,40,9,42,0,51,11,33,0,0,6,16,07-Apr-20,12,0,0,150,9,0,0,34,0,2,0
Recovered,2,0,0,0,0,0,0,3,1,6,0,0,0,75,1,0,10,0,1,0,0,4,3,2,0,0,6,0,07-Apr-20,5,0,0,9,12,0,0,10,0,0,0
Deceased,0,0,0,1,0,0,0,2,0,1,0,0,0,27,0,0,1,0,0,0,0,2,0,0,0,0,0,1,07-Apr-20,0,0,0,12,0,0,0,6,0,1,0
Confirmed,0,29,1,34,0,0,0,11,0,48,0,0,0,565,0,0,7,49,0,40,0,93,8,24,0,0,1,33,08-Apr-20,6,0,0,117,9,0,0,51,4,0,0
Recovered,0,10,0,1,0,0,0,0,0,2,0,0,0,96,0,0,0,0,0,20,0,1,0,1,0,0,0,2,08-Apr-20,3,0,0,38,13,0,0,4,1,0,0
Deceased,0,1,0,0,0,0,0,2,0,1,0,0,0,20,0,0,1,0,0,1,0,0,2,0,0,0,0,0,08-Apr-20,1,0,0,8,0,0,0,3,0,0,0
Confirmed,0,49,0,15,1,0,0,76,8,96,0,0,0,813,0,0,24,18,1,80,0,51,4,3,0,9,19,26,09-Apr-20,16,0,0,229,12,0,0,70,0,6,0
Recovered,0,0,10,4,0,0,0,1,0,6,0,0,0,70,0,0,4,0,0,15,0,4,3,0,0,0,0,0,09-Apr-20,2,0,0,8,13,0,0,0,0,0,0
Deceased,0,0,0,2,0,0,0,2,0,0,0,0,0,46,0,0,1,1,0,0,0,3,0,0,0,1,0,1,09-Apr-20,1,0,0,25,0,0,0,9,0,0,0
Confirmed,1,23,0,18,0,0,0,116,0,77,0,0,1,871,2,1,21,16,0,98,0,183,13,6,0,1,2,23,10-Apr-20,10,0,0,210,7,0,0,40,0,2,0
Recovered,0,1,0,0,0,0,1,7,0,17,0,0,1,151,0,0,2,0,0,0,0,2,0,4,0,0,0,0,10-Apr-20,4,0,0,63,27,0,0,12,0,10,0
Deceased,0,0,0,0,1,0,0,1,0,1,0,0,0,22,0,0,1,0,0,0,0,2,0,0,0,0,0,0,10-Apr-20,0,0,0,12,0,0,0,4,0,0,0
Confirmed,0,19,0,24,0,0,0,90,7,58,0,0,0,854,0,0,7,16,4,139,0,166,10,3,0,3,4,17,11-Apr-20,8,0,0,187,10,0,0,78,0,4,0
Recovered,0,13,0,0,0,0,4,11,0,0,0,0,0,186,0,0,0,51,6,56,0,0,0,0,0,0,0,0,11-Apr-20,5,0,0,20,19,0,0,1,0,0,0
Deceased,0,1,0,0,0,0,0,3,0,1,0,0,0,40,0,0,1,2,0,6,0,5,0,0,0,0,0,0,11-Apr-20,0,0,0,17,1,0,0,4,0,0,0
Confirmed,2,31,0,15,1,0,0,48,6,106,0,0,0,758,0,0,12,28,0,104,0,85,8,16,0,2,0,21,12-Apr-20,17,0,0,221,2,0,0,33,0,0,0
Recovered,0,0,0,2,0,0,0,0,1,6,0,0,0,114,0,0,3,7,4,5,0,1,3,8,0,0,11,0,12-Apr-20,15,0,0,9,36,0,0,3,0,0,0
Deceased,0,0,0,1,0,0,0,2,0,1,0,0,0,42,0,0,0,2,0,2,0,5,2,1,0,1,0,0,12-Apr-20,0,0,0,22,0,0,0,3,0,0,0
Confirmed,0,75,0,19,2,0,0,56,0,98,0,0,2,1243,0,0,6,61,0,93,0,356,18,1,0,5,2,25,13-Apr-20,15,1,0,352,3,0,0,52,0,1,0
Recovered,0,4,0,0,0,0,0,10,0,8,0,0,1,112,0,0,2,0,0,0,0,3,10,7,0,0,2,10,13-Apr-20,6,0,0,12,19,0,0,10,2,6,0
Deceased,0,0,0,0,0,0,0,2,0,0,0,0,0,27,0,0,0,1,0,0,0,4,0,0,0,0,0,0,13-Apr-20,2,0,0,11,0,0,0,7,0,0,0
Confirmed,0,102,0,45,1,0,0,78,2,31,0,0,0,1031,0,0,8,52,1,108,0,51,38,2,0,3,0,8,14-Apr-20,13,0,0,346,8,0,0,127,2,5,0
Recovered,0,1,0,4,0,0,0,5,3,23,0,0,0,167,0,0,2,7,1,26,0,0,7,4,0,0,1,14,14-Apr-20,11,0,0,30,13,0,0,13,2,0,0
Deceased,0,3,0,4,0,0,0,2,0,1,0,0,0,37,0,0,1,1,0,0,0,2,0,0,0,0,0,0,14-Apr-20,2,0,0,18,0,0,0,3,0,0,0
Confirmed,0,75,0,41,0,0,0,116,0,38,0,0,1,886,0,0,2,6,2,71,0,17,23,6,0,1,6,22,15-Apr-20,19,6,0,236,1,0,0,197,0,0,0
Recovered,2,7,0,4,2,1,1,5,4,37,0,0,0,144,0,1,0,8,0,0,0,10,1,2,0,0,0,6,15-Apr-20,9,0,0,36,7,0,0,0,0,1,0
Deceased,0,3,0,3,0,0,0,5,0,2,0,0,0,27,0,0,0,0,0,0,0,2,0,0,0,0,0,0,15-Apr-20,2,1,0,9,0,0,0,0,0,0,0
Confirmed,0,70,0,9,2,0,0,163,3,25,0,0,0,1061,0,0,11,50,0,55,0,62,18,11,0,1,11,14,16-Apr-20,36,2,0,285,7,0,0,226,0,0,0
Recovered,0,11,1,0,3,0,0,9,6,62,0,0,2,258,0,0,2,68,3,17,0,11,5,8,0,0,8,2,16-Apr-20,2,0,0,5,27,0,0,6,0,0,0
Deceased,0,2,0,0,0,0,0,3,0,1,0,0,0,26,0,0,1,0,0,0,0,6,3,0,0,0,0,0,16-Apr-20,1,0,0,7,0,0,0,2,0,0,0
Confirmed,0,44,1,38,0,0,0,170,0,56,0,0,0,922,0,0,14,66,3,98,0,67,24,8,0,3,2,14,17-Apr-20,44,0,0,120,1,0,0,146,3,0,0
Recovered,0,14,0,15,4,0,0,13,1,103,0,0,0,273,0,0,1,0,0,19,0,20,9,21,0,0,0,4,17-Apr-20,6,0,0,31,10,0,0,0,0,2,0
Deceased,0,1,0,0,0,0,0,5,0,0,0,0,0,38,0,0,0,0,0,6,0,4,0,0,0,0,0,1,17-Apr-20,0,0,0,7,0,0,0,14,0,0,0
Confirmed,2,126,2,31,0,0,0,277,0,49,0,0,0,1371,0,0,23,43,1,122,0,186,32,9,0,1,1,13,18-Apr-20,25,2,0,327,4,0,0,92,2,1,0
Recovered,0,26,0,7,3,0,0,7,1,82,0,0,0,426,3,0,1,0,0,17,0,135,4,14,0,0,5,9,18-Apr-20,16,0,0,34,2,0,0,57,0,3,0
Deceased,0,0,0,2,0,0,0,12,0,0,0,0,0,35,0,0,2,0,0,4,0,1,2,0,0,0,1,0,18-Apr-20,1,0,0,10,0,0,0,0,0,0,0
Confirmed,3,125,1,44,0,0,0,367,0,105,0,0,0,1580,0,0,10,49,0,127,0,110,23,18,0,8,10,13,19-Apr-20,6,0,0,552,2,0,0,5,2,0,0
Recovered,4,19,0,23,5,0,1,12,0,46,0,0,0,388,0,0,6,0,0,5,0,83,7,4,0,0,0,5,19-Apr-20,7,0,0,142,13,0,0,4,2,0,0
Deceased,0,3,0,1,0,0,0,10,0,0,0,0,0,38,0,0,0,3,0,2,0,2,0,0,0,0,0,0,19-Apr-20,2,0,0,12,0,0,0,3,0,0,0
Confirmed,0,84,1,75,0,0,0,196,0,43,0,0,0,1239,0,0,1,14,0,98,0,78,29,1,0,5,17,14,20-Apr-20,18,0,0,466,6,0,0,78,2,13,0
Recovered,1,13,0,27,2,0,0,26,0,46,0,0,0,419,0,0,1,0,0,0,0,141,4,37,0,4,0,15,20-Apr-20,1,0,1,65,21,0,0,7,7,0,0
Deceased,0,1,0,3,0,0,0,8,0,2,0,0,0,33,0,0,0,2,0,2,0,2,0,0,0,0,0,0,20-Apr-20,0,0,0,9,0,0,0,4,0,0,0
Confirmed,1,153,1,35,0,0,0,239,0,76,0,0,0,1537,0,0,6,56,0,159,0,75,53,4,0,0,13,12,21-Apr-20,10,1,0,552,19,0,0,67,0,5,0
Recovered,0,22,0,4,0,0,0,8,0,178,0,0,0,703,0,0,11,8,0,69,0,180,7,6,0,0,0,10,21-Apr-20,17,0,0,150,16,0,0,10,1,6,0
Deceased,0,3,0,2,0,0,0,19,0,1,0,0,0,53,0,0,0,0,0,1,0,0,3,0,0,0,0,0,21-Apr-20,1,0,0,19,0,0,0,4,0,0,0
Confirmed,0,112,1,56,0,0,0,229,0,33,0,0,0,1292,0,0,27,15,0,153,0,92,31,9,0,0,17,27,22-Apr-20,9,0,0,431,11,0,0,35,0,4,0
Recovered,0,11,0,24,0,0,0,40,3,27,0,0,0,394,0,0,4,0,0,70,0,113,0,11,0,0,0,11,22-Apr-20,2,0,0,67,1,0,0,4,4,2,0
Deceased,0,0,0,2,0,0,0,13,0,0,0,0,0,36,0,0,0,1,0,1,0,1,0,0,0,0,0,0,22-Apr-20,0,0,0,18,0,0,0,0,0,0,0
Confirmed,0,61,4,80,1,0,0,217,0,54,0,0,0,1667,0,0,5,27,1,76,0,128,33,6,0,7,27,27,23-Apr-20,18,0,0,778,10,0,0,100,1,6,0
Recovered,0,33,0,21,0,0,0,79,2,90,0,0,2,642,0,1,13,58,2,107,0,84,6,12,0,4,2,0,23-Apr-20,14,0,0,51,8,0,0,51,1,1,0
Deceased,0,3,0,3,0,0,0,9,0,2,0,0,0,40,0,0,1,1,0,1,0,2,0,0,0,1,0,0,23-Apr-20,0,0,0,14,0,0,0,3,0,0,0
Confirmed,0,111,7,62,0,0,0,191,0,72,0,0,0,1408,0,0,15,13,0,70,0,138,58,5,0,6,53,20,24-Apr-20,29,0,0,390,3,0,0,159,1,5,0
Recovered,1,20,0,4,0,0,0,7,0,114,0,0,0,484,0,0,4,39,0,42,0,49,24,16,0,0,0,17,24-Apr-20,7,0,0,117,15,0,0,7,1,0,0
Deceased,0,1,0,2,0,0,0,15,0,2,0,0,0,59,0,0,0,0,0,4,0,3,3,0,0,0,0,0,24-Apr-20,1,0,0,18,1,0,0,9,0,0,0
Confirmed,1,172,4,61,0,0,0,256,1,66,0,0,2,1835,1,0,10,7,0,49,0,111,57,12,0,8,28,40,25-Apr-20,26,0,0,811,7,0,0,99,0,6,0
Recovered,0,35,0,26,0,0,0,17,2,94,0,0,0,442,0,0,2,16,4,20,0,12,0,5,0,0,1,3,25-Apr-20,6,0,0,119,7,0,0,71,1,1,0
Deceased,0,2,0,2,0,0,0,6,0,1,0,0,0,44,0,0,0,0,0,2,0,1,0,0,0,0,0,1,25-Apr-20,0,0,0,22,0,0,0,7,0,0,0
Confirmed,8,80,0,81,0,0,0,230,0,64,0,0,0,1607,0,0,14,11,0,102,0,293,40,9,0,15,26,29,26-Apr-20,3,0,0,440,11,0,0,145,3,3,0
Recovered,2,66,0,60,8,0,0,31,0,60,0,0,0,585,0,0,12,9,0,116,0,8,2,8,0,5,11,25,26-Apr-20,24,0,0,112,4,0,0,21,0,1,0
Deceased,0,3,0,0,0,0,0,18,0,1,0,0,0,56,0,0,1,0,0,7,0,0,2,0,0,0,0,0,26-Apr-20,1,0,0,19,0,0,0,4,0,0,0
Confirmed,9,113,0,80,0,0,0,247,0,52,0,0,0,1568,0,0,8,2,0,77,0,190,38,5,0,21,69,23,27-Apr-20,9,0,0,522,13,0,0,75,0,15,0
Recovered,0,72,0,4,0,0,0,81,0,54,0,0,0,580,1,0,14,16,3,115,0,0,0,14,0,4,0,27,27-Apr-20,11,0,0,94,13,0,0,55,0,2,0
Deceased,0,1,0,0,0,0,0,11,0,0,0,0,0,58,0,0,1,0,0,9,0,0,0,0,0,0,0,1,27-Apr-20,1,0,0,27,0,0,0,7,0,0,0
Confirmed,11,67,0,82,2,0,0,226,1,121,0,0,2,1902,0,0,12,6,0,102,0,206,48,7,0,2,20,19,28-Apr-20,11,0,0,728,4,0,0,222,3,0,0
Recovered,0,63,4,23,0,0,0,40,2,54,0,0,0,636,0,0,3,42,0,26,0,201,4,11,0,2,8,12,28-Apr-20,14,0,0,106,4,0,0,16,0,1,0
Deceased,0,3,0,0,0,0,0,19,0,1,0,0,0,69,0,0,0,0,0,2,0,0,2,0,0,0,0,1,28-Apr-20,0,0,0,31,0,0,0,10,0,0,0
Confirmed,12,81,0,73,0,0,0,308,0,104,0,0,0,1705,0,0,33,7,0,76,0,125,28,3,0,2,37,16,29-Apr-20,12,0,0,597,10,0,0,173,1,7,0
Recovered,0,48,0,29,2,0,0,93,0,82,0,0,1,690,0,0,0,35,0,44,0,14,10,1,0,0,0,16,29-Apr-20,9,0,0,205,10,0,0,88,2,1,0
Deceased,0,5,0,0,0,0,0,16,0,2,0,0,0,71,0,0,0,0,0,3,0,2,0,0,0,0,0,0,29-Apr-20,1,0,0,32,0,0,0,10,0,0,0
Confirmed,6,77,0,71,5,0,0,313,2,161,0,0,0,1802,0,1,105,22,0,144,0,76,33,28,0,3,22,33,30-Apr-20,30,0,0,583,2,0,0,65,2,18,0
Recovered,1,41,1,34,0,0,0,86,2,48,0,0,0,630,0,0,3,33,3,79,0,2,5,10,0,0,20,24,30-Apr-20,13,0,0,180,14,0,0,21,8,2,0
Deceased,0,1,0,0,0,0,0,17,0,0,0,0,0,75,0,0,1,3,0,3,0,3,11,1,0,0,0,0,30-Apr-20,1,0,0,27,0,0,0,7,0,0,0
Confirmed,14,117,0,60,0,0,0,326,3,203,0,0,0,2396,0,0,105,6,0,82,0,223,37,18,0,3,41,25,01-May-20,24,0,0,1008,0,0,0,90,0,11,0
Recovered,0,103,0,82,4,0,0,123,0,54,0,0,0,962,0,0,4,22,2,223,0,73,15,6,0,2,14,31,01-May-20,22,10,0,106,9,0,0,42,1,14,0
Deceased,0,2,0,2,0,0,0,22,0,1,0,0,0,77,0,0,0,0,0,4,0,2,8,0,0,0,1,0,01-May-20,0,0,0,26,0,0,0,8,1,0,0
Confirmed,6,159,0,62,0,0,0,333,0,231,0,0,1,2564,1,2,187,17,0,106,0,384,127,19,0,2,15,27,02-May-20,12,0,0,790,2,0,0,73,2,6,0
Recovered,1,44,10,38,0,0,0,160,0,29,0,0,0,831,0,0,4,35,3,126,0,89,12,1,0,1,19,7,02-May-20,20,0,0,121,8,0,0,100,2,1,0
Deceased,0,1,0,0,0,0,0,26,0,1,0,0,0,92,0,0,0,1,0,6,0,3,7,1,0,0,1,0,02-May-20,3,0,0,36,0,0,0,6,0,0,0
Confirmed,3,158,0,58,0,0,0,374,14,266,0,0,19,2952,0,12,330,21,0,114,0,427,276,66,0,0,36,35,03-May-20,13,0,0,678,0,0,0,49,1,2,0
Recovered,0,56,6,47,0,0,0,146,0,38,0,0,0,911,1,0,5,46,1,114,0,106,-19,3,0,5,7,33,03-May-20,22,0,0,115,1,0,0,174,0,4,0
Deceased,1,0,0,0,0,0,0,28,0,1,0,0,0,140,0,0,1,0,0,3,0,0,74,0,0,0,0,0,03-May-20,0,0,0,27,0,0,0,5,0,0,0
Confirmed,5,121,0,67,0,0,0,376,1,527,0,0,0,3656,0,13,130,3,1,175,0,349,61,75,0,0,11,25,04-May-20,37,0,0,1567,0,0,0,105,0,7,0
Recovered,2,48,0,36,0,0,0,153,0,30,0,0,0,1082,0,0,11,40,0,82,0,69,86,9,0,0,3,16,04-May-20,28,0,0,350,61,0,0,58,0,0,0
Deceased,0,7,0,0,0,0,0,29,0,1,0,0,0,103,0,0,2,0,0,6,0,0,11,1,0,0,0,0,04-May-20,2,0,0,35,0,0,0,9,0,0,0
Confirmed,17,114,0,67,2,0,0,441,1,508,0,0,0,2971,0,13,219,11,1,97,1,206,85,31,0,10,7,15,05-May-20,22,0,0,984,3,0,0,107,1,8,0
Recovered,0,185,0,65,0,0,0,186,0,76,0,0,0,1295,0,0,5,43,0,87,0,37,46,2,0,6,31,17,05-May-20,10,0,0,354,0,0,0,144,0,0,1
Deceased,0,6,0,1,0,0,0,49,0,2,0,0,0,128,0,0,2,0,1,12,0,0,7,0,0,0,0,0,05-May-20,2,0,0,34,0,0,0,11,0,1,0
Confirmed,5,118,0,60,1,0,0,380,0,771,0,0,0,3602,0,22,75,11,1,159,0,428,112,46,0,2,7,34,06-May-20,20,0,0,1233,0,0,0,89,0,28,0
Recovered,0,143,0,140,2,0,0,119,0,31,0,0,0,1161,0,0,2,20,0,214,0,74,1,4,0,4,0,2,06-May-20,23,0,0,275,7,0,0,99,0,1,0
Deceased,0,4,0,2,0,0,0,28,0,2,0,0,0,91,0,0,2,0,0,4,0,1,4,1,0,0,0,0,06-May-20,0,0,0,34,0,0,0,9,0,0,0
Confirmed,11,73,0,56,8,0,0,388,0,580,0,0,0,3344,0,24,118,15,3,110,0,448,92,31,0,5,8,18,07-May-20,12,0,0,1216,0,0,0,114,0,14,0
Recovered,0,120,1,51,0,0,0,209,0,31,0,0,0,1475,0,0,14,45,0,150,0,389,31,0,0,4,60,13,07-May-20,12,0,0,207,5,0,0,132,0,1,0
Deceased,0,2,0,2,0,0,0,29,0,2,0,0,0,104,0,0,1,0,0,6,0,1,7,0,0,0,1,1,07-May-20,1,0,0,43,0,0,0,8,0,0,0
Confirmed,11,143,0,54,6,0,0,390,0,600,0,0,0,3339,1,30,87,10,4,152,0,338,130,22,0,22,29,30,08-May-20,48,0,0,1089,1,0,0,89,2,51,0
Recovered,0,137,0,62,0,0,0,163,2,58,0,0,1,1111,2,0,3,34,0,122,0,89,27,19,0,0,49,29,08-May-20,10,0,0,169,10,0,0,118,6,1,0
Deceased,1,4,0,3,1,0,0,24,0,3,0,0,0,97,0,0,1,0,0,4,0,2,9,1,0,0,0,0,08-May-20,0,0,0,37,0,0,0,7,0,0,0
Confirmed,23,159,0,43,2,0,0,394,0,526,0,0,0,3175,0,17,31,31,2,129,0,224,108,28,0,2,32,13,09-May-20,41,1,0,1165,2,0,0,116,4,82,0
Recovered,3,112,0,45,0,0,0,219,5,219,0,0,0,1414,0,0,5,24,1,151,0,0,49,11,0,37,51,4,09-May-20,10,0,0,330,1,0,0,131,1,5,0
Deceased,0,8,0,3,-1,0,0,23,0,4,0,0,0,115,0,0,2,1,0,3,0,0,11,1,0,0,0,0,09-May-20,0,0,0,48,0,0,0,11,0,1,0
Confirmed,4,94,0,50,1,0,0,398,0,669,0,0,0,4311,2,16,61,33,6,106,0,381,153,28,0,1,96,25,10-May-20,54,0,0,1943,7,0,0,157,1,25,0
Recovered,0,154,0,38,0,0,0,454,6,135,0,0,3,1669,1,0,9,0,0,79,0,49,45,10,0,0,36,15,10-May-20,36,0,0,399,4,0,0,196,0,0,0
Deceased,1,5,0,1,0,0,0,21,0,3,0,0,0,112,0,0,0,0,0,2,0,5,14,1,0,0,1,0,10-May-20,1,0,0,53,0,0,0,4,0,0,0
Confirmed,8,106,0,38,2,0,0,347,0,798,0,0,0,3592,0,0,54,79,1,174,0,310,124,27,0,4,42,18,11-May-20,14,0,0,1230,7,0,0,171,0,38,0
Recovered,4,105,0,73,5,0,0,235,4,92,0,0,1,1579,0,0,2,50,0,83,0,60,82,37,0,0,23,44,11-May-20,4,0,0,587,0,0,0,71,0,17,0
Deceased,0,1,0,0,0,0,0,20,0,6,0,0,0,81,0,0,0,0,0,5,0,0,5,1,0,0,0,1,11-May-20,0,0,0,36,0,0,0,6,0,0,0
Confirmed,6,91,0,71,0,0,0,362,0,716,0,0,0,3562,0,2,37,51,8,138,0,406,110,50,0,11,130,55,12-May-20,63,0,0,1026,5,0,0,201,1,22,0
Recovered,2,115,0,58,0,0,0,466,1,83,0,0,0,1905,0,0,3,21,0,130,1,383,113,5,0,1,5,28,12-May-20,7,0,0,339,0,0,0,113,0,31,0
Deceased,0,2,0,1,0,0,0,24,0,8,0,0,0,120,0,0,1,2,0,4,0,13,8,0,0,0,0,0,12-May-20,0,0,0,53,0,0,0,4,0,0,0
Confirmed,4,94,0,48,15,0,0,364,0,509,0,0,1,3726,1,1,10,41,1,202,0,359,117,13,0,5,74,37,13-May-20,34,0,0,1495,10,0,0,187,3,101,0
Recovered,0,92,0,86,0,0,0,316,1,41,0,0,0,1963,0,0,29,117,0,119,0,346,90,76,0,8,18,11,13-May-20,18,1,0,422,1,0,0,144,0,27,0
Deceased,0,4,0,1,0,0,0,29,0,3,0,0,0,137,0,0,0,2,0,4,0,20,9,0,0,0,1,1,13-May-20,2,0,0,54,0,0,0,7,0,0,0
Confirmed,0,144,0,68,7,0,8,324,1,447,0,0,0,3991,3,1,11,47,6,206,0,472,87,25,0,26,46,12,14-May-20,28,0,1,1602,26,0,0,253,6,134,0
Recovered,7,107,0,50,0,0,0,191,1,65,0,0,0,1594,0,27,23,13,0,65,0,187,66,21,0,0,12,19,14-May-20,9,0,0,542,3,0,0,167,4,15,0
Deceased,0,2,0,1,0,0,0,20,0,2,0,0,0,97,0,0,0,0,0,4,0,9,8,0,0,0,0,0,14-May-20,2,0,0,44,0,0,0,5,0,0,0
Confirmed,0,155,0,102,3,0,0,340,6,434,0,0,0,3808,0,0,-3,40,2,213,0,425,84,36,0,8,34,30,15-May-20,69,0,0,1576,16,0,0,169,4,65,0
Recovered,3,93,0,60,1,0,0,282,0,359,0,0,2,2234,0,13,82,7,0,91,0,473,61,25,0,10,28,28,15-May-20,20,0,0,475,0,0,0,112,1,8,0
Deceased,0,7,0,0,0,0,0,20,0,5,0,0,0,104,0,0,0,0,0,0,0,8,10,2,0,0,0,0,15-May-20,1,0,0,49,0,0,0,2,0,0,0
Confirmed,0,201,0,48,3,0,5,1057,1,477,0,0,0,4794,1,11,14,55,2,213,0,438,115,33,0,6,145,108,16-May-20,36,0,4,1606,11,0,0,195,9,0,0
Recovered,11,276,0,101,0,0,0,273,2,939,0,0,0,4012,0,22,952,12,4,215,0,408,63,50,0,16,33,29,16-May-20,16,0,0,524,4,0,0,32,0,30,0
Deceased,0,9,0,1,0,0,0,19,0,4,0,0,0,120,0,0,0,0,0,1,0,6,7,0,0,0,1,1,16-May-20,0,0,0,67,0,0,0,4,0,0,0
Confirmed,0,206,0,25,8,0,9,391,18,639,0,0,0,5049,0,-2,18,42,2,242,0,422,101,23,0,6,142,62,17-May-20,55,0,0,2347,14,0,0,187,1,91,0
Recovered,0,195,0,103,1,0,0,191,1,634,0,0,0,2538,0,21,109,21,1,111,0,276,67,48,0,0,0,33,17-May-20,13,0,0,600,0,0,0,88,1,24,0
Deceased,0,8,0,1,0,0,0,34,0,4,0,0,0,152,0,0,3,0,0,5,0,19,6,1,0,0,0,1,17-May-20,1,0,0,63,0,0,0,5,0,1,0
Confirmed,5,141,0,52,15,0,9,366,10,536,0,0,0,4628,0,0,16,41,10,305,0,299,147,18,0,5,103,106,18-May-20,99,0,0,2005,29,0,0,259,4,48,0
Recovered,3,147,0,96,0,0,0,305,0,234,0,0,19,2482,0,4,181,10,2,163,0,283,47,36,0,14,44,34,18-May-20,21,1,0,749,0,0,0,32,0,57,0
Deceased,0,6,0,0,2,0,0,35,0,3,0,0,0,131,0,0,2,0,0,7,0,12,6,0,0,0,1,2,18-May-20,0,0,0,51,0,0,0,4,0,0,0
Confirmed,3,321,0,57,42,0,8,395,5,688,0,0,0,6154,5,8,22,42,2,338,0,500,137,36,0,20,96,28,19-May-20,149,0,2,2078,12,0,814,229,15,102,0
Recovered,3,135,0,69,0,0,0,239,0,489,0,0,0,3032,1,27,95,9,5,119,0,265,68,29,0,0,0,38,19-May-20,13,0,0,1202,0,0,0,196,0,30,0
Deceased,0,5,0,2,0,0,0,25,0,3,0,0,0,146,0,0,1,4,1,5,0,6,6,0,0,0,0,2,19-May-20,3,0,0,76,0,0,0,6,0,1,0
Confirmed,3,249,0,71,31,0,4,398,14,743,0,0,1,5720,1,0,3,27,18,170,0,534,142,29,0,42,257,73,20-May-20,67,1,16,2161,24,0,282,270,15,74,0
Recovered,79,148,0,43,7,0,0,176,0,987,0,0,0,3113,0,0,152,2,3,67,0,442,62,21,0,2,54,31,20-May-20,13,0,0,679,5,0,0,103,1,36,0
Deceased,0,4,0,1,0,0,0,30,0,3,0,0,0,134,0,0,0,2,0,4,0,10,3,0,0,0,0,1,20-May-20,1,0,0,65,0,0,0,9,0,1,0
Confirmed,16,340,0,45,22,0,2,371,14,776,0,0,0,6023,0,2,23,38,42,212,0,571,94,37,0,13,211,59,21-May-20,143,0,0,2345,24,0,307,246,19,51,0
Recovered,42,138,0,41,6,0,0,269,0,400,0,0,0,3131,0,32,25,23,5,81,0,375,57,33,0,7,0,6,21-May-20,15,0,0,1408,8,0,0,110,0,50,0
Deceased,0,11,0,1,0,0,0,24,0,7,0,0,0,148,0,0,1,5,0,4,0,18,6,0,0,0,0,2,21-May-20,0,0,0,64,0,0,0,4,0,1,0
Confirmed,1,220,0,62,15,0,2,363,44,786,0,0,2,6536,3,0,1,62,16,267,0,660,135,37,0,20,179,40,22-May-20,138,0,1,2940,42,0,217,189,8,86,0
Recovered,0,120,0,26,0,0,9,392,3,846,0,0,0,3280,0,4,28,7,0,195,0,330,28,25,0,0,58,36,22-May-20,26,0,0,857,2,0,0,245,0,43,0
Deceased,0,14,0,1,0,0,0,29,0,4,0,0,0,142,0,0,0,3,0,2,0,14,6,2,0,0,2,0,22-May-20,0,0,0,63,1,0,0,1,0,0,0
Confirmed,6,282,0,47,121,0,1,396,42,759,0,0,3,6663,0,16,16,52,17,248,1,591,127,64,0,27,228,80,23-May-20,216,0,3,2608,62,1,279,201,91,80,0
Recovered,1,82,0,48,2,0,0,289,2,363,0,0,0,2576,0,0,23,25,2,106,0,370,60,44,0,5,24,54,23-May-20,11,0,0,821,3,0,0,178,2,61,0
Deceased,0,3,0,1,0,0,0,27,0,5,0,0,0,142,0,0,0,1,0,7,0,23,4,0,0,0,0,1,23-May-20,1,0,0,60,0,0,0,9,0,0,0
Confirmed,37,251,0,66,46,1,11,394,38,765,0,0,3,7111,15,3,15,41,18,286,0,508,208,53,0,20,180,52,24-May-20,130,0,3,3041,53,0,439,294,73,67,0
Recovered,0,132,0,62,1,0,0,243,0,833,0,0,0,3285,2,13,28,24,2,62,0,273,58,15,0,7,49,35,24-May-20,46,0,2,1196,5,0,0,141,3,53,0
Deceased,1,6,0,0,0,0,0,29,0,8,0,0,0,156,0,0,1,4,0,3,0,30,3,0,0,1,0,0,24-May-20,0,0,0,58,1,0,0,9,2,0,0
Confirmed,4,229,0,106,156,0,1,405,40,805,0,3,1,6414,8,4,21,66,20,272,0,635,149,29,0,35,163,47,25-May-20,93,1,4,2436,49,0,304,194,32,102,0
Recovered,8,122,0,51,5,0,3,224,3,407,0,0,0,3012,5,0,15,72,4,208,0,231,75,37,0,0,31,0,25-May-20,51,0,0,1186,12,0,0,163,0,99,0
Deceased,0,8,0,0,0,0,0,30,0,7,0,0,0,150,0,0,0,3,0,4,0,15,6,0,0,0,2,2,25-May-20,2,0,0,60,0,0,0,10,1,0,0
Confirmed,12,227,0,97,134,0,0,361,68,646,0,1,0,5907,0,34,25,112,24,236,0,412,193,92,0,21,231,91,26-May-20,101,5,3,2091,67,0,328,165,51,79,0
Recovered,0,164,0,125,0,0,9,501,12,611,0,0,0,3585,0,0,5,120,0,220,0,183,72,22,0,5,67,24,26-May-20,59,0,0,1168,10,0,0,118,6,84,0
Deceased,0,8,0,1,0,0,0,27,0,11,0,0,0,173,0,0,0,1,0,3,0,12,5,0,0,0,1,1,26-May-20,0,0,0,97,1,0,0,5,0,0,0
Confirmed,1,267,0,134,101,0,1,376,4,817,0,5,1,7246,0,10,33,107,26,280,0,792,183,76,0,7,68,162,27-May-20,135,0,5,2190,40,0,1043,237,69,76,0
Recovered,0,167,0,48,25,0,9,410,4,567,0,0,0,3434,0,0,0,37,3,286,0,310,92,14,0,0,118,21,27-May-20,17,0,0,964,10,0,0,238,15,79,0
Deceased,0,5,0,1,0,0,0,23,0,6,0,0,0,188,0,0,0,6,2,3,0,15,6,2,0,0,1,2,27-May-20,3,0,0,105,0,0,0,8,0,0,0
Confirmed,10,179,0,128,97,1,1,367,34,827,0,9,20,7254,4,2,19,117,8,251,0,1024,344,123,0,6,149,115,28-May-20,115,1,11,2598,85,0,319,192,31,67,0
Recovered,2,224,0,68,16,0,1,454,0,639,0,0,0,3171,0,2,28,24,7,253,0,231,90,43,0,0,132,5,28-May-20,53,0,0,698,3,0,0,123,0,75,0
Deceased,0,15,0,1,0,0,0,22,0,12,0,0,0,176,0,0,0,4,0,7,0,13,6,1,0,0,0,1,28-May-20,0,0,0,85,1,0,0,8,0,0,0
Confirmed,0,275,0,85,177,0,0,372,17,874,0,7,0,8138,4,10,39,169,14,298,0,1105,277,217,0,82,174,128,29-May-20,248,6,4,2682,62,0,341,192,216,63,0
Recovered,0,195,0,101,22,0,3,608,17,765,0,0,0,11735,6,0,3,36,10,429,0,351,107,59,0,63,159,16,29-May-20,60,0,2,8381,10,0,0,219,23,90,0
Deceased,0,4,0,1,0,0,0,20,1,9,0,0,0,269,0,0,2,4,0,4,0,82,7,0,0,1,0,1,29-May-20,1,0,0,116,1,0,0,13,0,2,0
Confirmed,0,256,0,131,159,1,1,412,32,938,0,11,3,8364,0,17,36,74,18,252,0,1163,317,202,0,73,206,177,30-May-20,141,0,1,2940,58,0,370,246,33,96,0
Recovered,10,241,0,55,38,0,1,621,2,687,0,0,0,4303,0,5,18,31,24,495,0,229,195,31,0,40,102,33,30-May-20,103,0,0,1084,10,0,0,175,0,73,0
Deceased,0,12,0,0,0,0,0,27,0,6,0,0,0,205,0,0,2,6,0,9,0,18,7,1,0,0,6,0,30-May-20,1,0,0,99,1,0,0,9,1,0,0
Confirmed,4,374,0,110,123,0,1,438,51,1149,0,7,0,8789,13,45,30,199,18,214,0,1295,371,168,0,41,242,105,31-May-20,299,0,11,2487,61,0,448,198,158,129,0
Recovered,0,192,0,51,22,0,2,689,12,757,0,0,4,4928,2,1,20,16,9,293,0,403,187,77,0,0,209,19,31-May-20,221,0,5,1248,15,0,0,398,0,76,0
Deceased,0,4,0,2,0,0,0,31,0,13,0,0,0,222,0,0,1,5,0,1,0,57,8,0,0,0,2,0,31-May-20,2,0,0,89,0,0,0,7,0,0,0
Confirmed,4,286,0,105,146,18,2,423,49,1162,0,0,0,7723,9,107,38,94,9,269,1,990,271,265,0,26,138,155,01-Jun-20,187,1,12,2358,57,0,139,194,52,156,0
Recovered,15,187,0,34,99,0,6,861,7,413,0,0,0,3882,0,0,13,63,2,181,0,268,149,7,0,40,221,19,01-Jun-20,100,0,0,779,18,0,0,161,120,119,0
Deceased,0,5,0,2,0,0,0,25,0,11,0,0,0,201,0,0,-1,6,0,5,0,50,8,1,0,0,0,3,01-Jun-20,1,0,0,76,1,0,0,8,0,0,0
Confirmed,4,368,0,115,74,2,6,415,15,1091,0,6,4,8812,0,48,41,99,5,273,0,1298,396,296,0,61,151,117,02-Jun-20,388,2,6,2287,86,0,784,137,84,141,12
Recovered,0,146,0,40,53,0,7,1114,9,536,0,0,0,4531,0,0,17,35,18,222,0,497,104,14,0,0,62,7,02-Jun-20,75,0,3,1225,19,0,0,218,30,80,0
Deceased,1,7,0,0,0,0,0,29,1,13,0,0,1,222,0,0,2,4,0,4,0,33,10,2,0,0,1,2,02-Jun-20,0,0,0,103,1,0,0,6,2,0,0
Confirmed,0,141,0,180,271,10,47,485,64,1286,0,9,9,9689,11,151,34,129,14,279,8,1513,340,302,0,42,230,139,03-Jun-20,267,3,19,2560,82,1,709,168,42,143,1
Recovered,0,81,0,50,76,0,0,318,40,610,0,0,1,3789,8,0,12,30,10,309,0,299,170,20,0,1,222,54,03-Jun-20,111,1,24,996,24,0,0,224,7,91,0
Deceased,0,1,0,4,0,0,0,30,0,8,0,0,0,259,0,0,1,7,0,6,0,59,10,0,0,0,1,1,03-Jun-20,1,0,0,122,0,0,0,7,1,0,0
Confirmed,1,367,0,141,285,5,40,492,147,1384,0,22,4,9847,9,24,39,127,24,210,3,1359,368,327,0,63,126,285,04-Jun-20,257,0,16,2933,94,0,360,174,68,90,3
Recovered,8,182,0,65,46,0,0,455,36,585,0,0,0,4390,4,0,14,31,29,360,0,356,188,34,0,69,95,41,04-Jun-20,106,0,0,1352,39,0,0,192,38,65,0
Deceased,0,15,0,3,0,0,0,33,0,15,0,0,0,274,0,0,0,6,0,4,0,44,10,1,0,1,3,1,04-Jun-20,4,0,0,123,3,0,0,6,2,0,0
Confirmed,7,496,0,138,128,4,30,510,90,1438,0,27,3,9472,5,48,46,143,10,222,0,1330,427,316,0,95,146,182,05-Jun-20,515,0,8,2436,111,1,127,234,62,130,7
Recovered,51,209,0,36,50,0,8,344,25,861,0,0,0,4770,6,0,26,40,10,255,0,417,144,86,0,69,113,38,05-Jun-20,83,0,0,1466,22,0,0,241,47,123,0
Deceased,0,12,0,2,0,0,0,35,0,12,0,0,0,286,0,0,1,8,0,5,0,49,11,0,0,1,1,1,05-Jun-20,0,0,0,139,0,0,0,7,1,1,0
Confirmed,3,370,0,210,230,2,71,498,60,1458,0,0,2,10408,3,55,54,206,7,253,5,1320,435,355,0,106,233,143,06-Jun-20,378,0,25,2739,108,4,582,232,88,173,0
Recovered,0,260,0,75,79,0,0,313,28,633,0,8,2,5433,5,0,23,83,5,142,0,349,207,71,0,38,65,40,06-Jun-20,280,0,14,2243,50,0,0,230,78,112,0
Deceased,0,11,0,0,0,0,0,29,2,19,0,0,0,297,0,0,2,10,0,13,0,53,17,0,0,0,0,3,06-Jun-20,2,0,0,120,1,0,0,15,0,0,0
Confirmed,2,433,0,199,208,3,33,480,150,1515,0,9,4,10882,12,53,93,154,11,262,1,1282,449,496,0,75,239,620,07-Jun-20,239,3,15,3007,107,0,418,173,52,75,10
Recovered,1,277,0,29,48,0,0,319,7,604,0,0,0,5191,1,19,14,32,28,253,1,335,184,194,0,17,107,90,07-Jun-20,159,0,0,1924,41,0,0,223,106,178,0
Deceased,0,7,0,2,0,0,0,30,0,18,0,0,0,261,0,0,1,14,0,9,0,51,13,4,0,0,1,2,07-Jun-20,2,0,0,91,0,0,0,13,2,1,0
Confirmed,6,411,0,154,154,6,30,477,124,1562,0,6,0,8536,9,38,55,92,10,277,2,1007,426,406,0,187,177,198,08-Jun-20,308,3,100,2554,91,0,-773,237,56,138,8
Recovered,11,159,0,42,148,0,2,321,69,528,0,0,0,5171,4,0,22,0,5,363,0,358,162,226,0,29,137,108,08-Jun-20,309,0,6,1661,11,0,0,205,186,99,0
Deceased,0,8,0,0,0,0,0,31,0,17,0,0,0,271,0,0,2,5,0,6,0,62,9,11,0,0,1,4,08-Jun-20,3,0,0,109,1,0,0,2,0,0,0
Confirmed,6,388,1,69,215,0,29,470,14,1685,0,5,5,9981,4,26,56,178,16,369,2,1366,372,355,0,126,208,61,09-Jun-20,161,4,32,2258,91,6,874,211,126,146,46
Recovered,0,325,0,48,312,1,0,409,12,798,0,2,0,5634,2,0,39,0,14,211,0,504,155,107,0,40,228,182,09-Jun-20,164,0,6,1664,34,3,0,193,41,140,0
Deceased,0,18,0,2,1,0,0,33,1,18,0,0,0,272,0,1,2,6,0,9,0,31,10,6,0,1,2,3,09-Jun-20,2,0,0,120,0,0,0,6,0,0,0
Confirmed,2,275,1,365,235,4,28,510,51,1927,0,1,7,11156,12,31,86,191,14,355,5,1501,343,370,0,135,243,161,10-Jun-20,120,1,7,3254,65,0,516,200,25,110,5
Recovered,4,302,0,110,152,2,0,370,4,1008,0,12,0,6275,5,47,65,75,13,241,0,384,159,381,0,33,164,165,10-Jun-20,257,0,0,1877,57,0,0,163,76,149,0
Deceased,0,20,0,1,1,0,0,34,1,19,0,0,0,358,0,0,0,8,1,4,0,79,17,7,0,0,1,3,10-Jun-20,3,0,0,149,1,0,0,7,2,0,0
Confirmed,4,478,3,182,145,6,30,513,136,1875,0,2,20,11135,13,25,82,209,19,238,1,1877,440,389,0,48,250,67,11-Jun-20,204,0,55,3607,83,0,-296,192,93,136,9
Recovered,4,321,0,99,184,0,0,366,70,1372,0,7,4,6044,7,39,27,176,26,206,0,486,209,73,0,38,152,149,11-Jun-20,114,5,9,1562,62,0,0,150,55,72,0
Deceased,0,24,0,2,0,0,0,38,0,23,0,0,0,394,2,0,4,9,0,6,0,101,10,12,0,0,0,1,11-Jun-20,3,0,0,152,1,0,0,4,1,1,0
Confirmed,13,528,0,207,263,19,46,495,47,1982,0,26,104,11306,6,41,99,164,16,230,0,2137,476,366,0,57,148,156,12-Jun-20,271,0,19,3493,78,50,-616,202,69,112,2
Recovered,2,317,0,123,152,0,2,392,123,1342,0,28,4,7263,9,0,23,285,17,236,0,667,218,214,0,55,230,266,12-Jun-20,464,4,0,1718,32,0,0,159,61,120,0
Deceased,0,20,0,0,2,0,0,31,0,18,0,0,0,388,1,0,4,9,0,7,0,129,9,6,0,0,1,1,12-Jun-20,7,0,0,127,1,0,0,9,5,1,0
Confirmed,5,502,0,222,207,5,60,517,105,1989,0,7,198,12039,13,83,77,253,16,333,5,2134,454,415,0,55,193,148,13-Jun-20,308,0,64,3427,85,0,-331,198,61,225,6
Recovered,0,266,0,94,221,2,1,390,87,1362,0,27,10,8092,6,37,45,74,16,326,0,1547,336,328,0,131,370,183,13-Jun-20,208,1,0,1550,46,2,0,176,130,120,0
Deceased,0,20,0,2,0,0,0,33,0,30,0,0,0,309,0,0,2,8,0,10,0,57,12,8,0,0,0,2,13-Jun-20,3,0,0,113,0,0,0,7,2,0,0
Confirmed,2,497,2,294,218,3,41,511,121,1974,0,10,112,11405,18,33,77,237,16,293,4,2224,389,459,0,52,186,163,14-Jun-20,176,0,9,3390,54,5,-548,161,34,186,2
Recovered,0,393,0,131,155,1,4,442,88,1138,0,4,12,7358,9,118,29,25,17,229,0,878,518,200,0,89,289,120,14-Jun-20,312,3,18,1632,56,0,0,300,34,114,0
Deceased,0,14,0,2,0,0,0,29,3,38,0,0,0,324,1,0,2,3,0,10,0,56,12,10,0,0,1,4,14-Jun-20,5,0,0,120,0,0,0,12,1,1,0
Confirmed,5,476,1,304,191,4,28,514,44,1843,0,4,6,10032,8,10,127,219,38,287,0,1647,407,514,0,30,187,179,15-Jun-20,213,0,32,2786,82,0,-464,133,26,146,5
Recovered,6,342,0,69,245,0,11,339,124,797,0,0,2,10639,4,0,87,389,16,219,0,604,434,562,0,95,251,215,15-Jun-20,174,0,60,5071,73,0,0,226,78,146,0
Deceased,1,18,0,2,0,0,0,28,0,44,0,0,0,396,0,0,4,2,0,9,0,73,10,12,0,1,2,3,15-Jun-20,2,0,0,178,1,0,0,6,0,0,0
Confirmed,8,507,3,264,201,4,37,524,69,1515,0,2,94,11086,14,1,104,213,4,235,15,1859,415,550,0,46,148,78,16-Jun-20,317,0,10,2701,79,0,712,148,97,108,4
Recovered,1,294,0,128,206,0,0,418,91,1438,0,15,3,7226,4,123,18,261,19,177,7,73,534,183,0,121,345,177,16-Jun-20,322,2,8,1802,60,0,0,249,27,120,0
Deceased,0,18,0,2,0,0,0,28,0,49,0,0,0,2004,0,0,1,4,0,7,0,437,10,18,0,0,1,1,16-Jun-20,7,0,0,1409,0,0,0,11,1,0,0
Confirmed,5,583,0,351,184,4,27,520,80,2174,0,14,38,13108,29,43,126,269,25,326,5,2414,391,560,0,57,130,108,17-Jun-20,204,-1,52,3307,75,2,589,161,81,175,0
Recovered,4,335,0,128,231,3,11,348,165,842,0,0,7,6890,10,0,77,44,7,505,3,957,505,204,0,30,205,133,17-Jun-20,348,3,33,1315,90,0,0,236,38,73,0
Deceased,0,30,0,2,0,0,0,27,0,48,0,0,0,341,1,0,6,1,0,5,0,67,11,12,0,1,0,1,17-Jun-20,8,0,0,114,0,0,0,6,1,0,0
Confirmed,4,604,1,425,209,0,49,510,82,2141,0,0,0,13829,26,21,118,352,10,315,4,2877,435,386,0,23,100,149,18-Jun-20,210,0,54,3752,97,0,430,182,80,174,9
Recovered,0,399,2,131,206,1,13,389,103,1017,0,6,3,10741,7,83,32,230,5,275,2,3884,468,604,0,47,185,230,18-Jun-20,176,1,7,1672,89,1,0,244,132,97,0
Deceased,0,23,0,2,1,0,0,31,0,49,0,0,0,343,1,0,5,3,0,17,0,65,12,4,0,1,5,7,18-Jun-20,12,0,0,100,1,0,0,4,0,0,0
Confirmed,7,809,2,465,0,32,20,540,72,2115,0,5,57,14638,16,27,217,499,32,299,14,3137,355,525,0,42,250,125,19-Jun-20,337,0,75,3827,118,0,224,156,74,165,0
Recovered,9,357,0,133,218,3,9,340,103,1630,0,16,0,9029,2,18,66,51,12,255,0,2228,302,333,0,137,137,50,19-Jun-20,230,0,19,1935,96,16,0,116,47,153,8
Deceased,0,19,0,4,0,0,0,27,1,41,0,0,0,364,1,0,9,3,0,3,0,66,11,10,0,0,5,4,19-Jun-20,9,0,0,142,0,0,0,9,0,0,0
Confirmed,23,541,0,491,249,0,29,539,116,2396,0,3,92,15918,51,8,120,546,29,381,17,3630,441,480,0,63,213,154,20-Jun-20,416,0,96,3874,127,0,338,142,124,179,10
Recovered,1,374,0,206,136,1,11,535,63,1045,0,13,22,13974,13,23,42,154,20,277,12,7725,562,239,0,69,269,142,20-Jun-20,183,0,14,1380,57,0,0,132,17,237,0
Deceased,0,22,0,5,0,0,0,20,1,38,0,0,0,308,0,0,6,5,0,4,0,77,11,5,0,0,0,6,20-Jun-20,9,0,0,91,0,0,0,6,1,1,0
Confirmed,2,596,1,477,332,4,64,580,121,2532,0,10,1,15151,28,35,122,730,17,393,5,3000,414,412,0,74,162,122,21-Jun-20,453,0,64,3870,133,8,-138,179,43,304,1
Recovered,0,626,2,196,202,6,6,655,53,1438,0,3,17,9075,9,79,22,225,12,323,1,1719,432,429,0,2,264,46,21-Jun-20,226,5,18,1591,93,4,0,135,50,186,0
Deceased,0,21,0,5,0,0,0,25,0,53,0,0,0,426,1,0,1,7,0,12,0,63,15,11,0,0,2,1,21-Jun-20,5,0,0,186,0,0,0,14,0,4,0
Confirmed,5,591,0,443,267,9,46,563,47,2710,0,69,10,13560,17,16,161,872,54,302,15,2909,413,390,0,42,228,132,22-Jun-20,249,2,57,3721,138,0,-1295,175,58,143,1
Recovered,6,606,0,128,161,1,17,560,66,1358,0,0,2,10879,9,23,125,274,12,313,0,3589,390,359,0,63,136,149,22-Jun-20,111,0,0,1962,88,4,0,200,21,143,3
Deceased,0,19,0,5,0,0,1,21,1,37,0,0,0,312,0,0,2,7,0,7,0,58,14,9,0,0,1,3,22-Jun-20,5,0,0,113,0,0,0,6,1,2,0
Confirmed,7,571,2,462,203,10,45,549,83,2516,0,50,85,15656,19,23,162,879,48,395,9,3947,370,495,0,53,157,148,23-Jun-20,322,1,23,3214,141,1,183,183,133,167,0
Recovered,0,515,3,157,197,16,53,604,40,1227,0,0,12,10462,16,25,222,219,3,303,0,2711,531,582,0,51,260,111,23-Jun-20,274,4,8,1925,60,0,0,120,81,125,7
Deceased,0,19,0,8,0,0,1,26,0,39,0,0,0,468,1,0,4,3,0,9,0,68,11,9,0,0,2,2,23-Jun-20,8,0,0,248,1,0,0,4,2,3,0
Confirmed,2,664,6,497,226,2,42,572,34,2865,0,17,0,16868,59,0,230,891,31,382,13,3788,445,490,0,26,223,186,24-Jun-20,397,0,49,3889,152,4,126,187,88,282,3
Recovered,0,470,1,187,196,0,84,575,74,2424,0,7,126,13089,11,97,52,137,34,398,3,2124,484,427,0,55,79,176,24-Jun-20,149,0,70,4161,81,10,0,138,119,135,5
Deceased,0,8,0,10,0,1,0,25,0,33,0,0,0,424,0,0,8,5,0,10,0,64,11,10,0,1,1,1,24-Jun-20,14,0,0,208,0,0,0,9,5,0,0
Confirmed,3,636,2,553,364,12,44,577,37,3509,0,8,9,18205,41,32,142,920,33,287,20,3390,475,453,0,44,215,127,25-Jun-20,442,0,86,4842,123,2,352,147,68,210,0
Recovered,7,533,0,209,75,4,46,410,128,2236,0,12,84,13983,11,122,93,327,8,229,8,3328,488,455,0,30,374,149,25-Jun-20,519,1,26,3661,53,0,0,146,37,168,6
Deceased,0,15,0,7,0,0,0,18,0,45,0,0,0,401,0,0,7,5,1,4,0,64,15,10,0,0,1,2,25-Jun-20,6,0,0,192,0,0,0,8,1,0,0
Confirmed,2,750,14,605,273,2,44,580,89,3645,0,16,5,18255,32,35,188,985,25,364,15,3460,542,421,0,31,190,213,26-Jun-20,445,2,19,5024,150,2,-370,203,34,218,2
Recovered,6,464,2,208,214,7,35,532,156,1358,0,2,109,10246,16,36,9,78,20,222,12,2326,345,636,0,42,189,113,26-Jun-20,246,0,39,2362,65,0,0,185,64,131,17
Deceased,0,19,0,10,0,0,0,18,1,46,0,0,0,381,0,0,2,7,0,1,0,63,10,13,0,0,0,1,26-Jun-20,10,0,0,175,0,0,0,4,1,0,0
Confirmed,3,606,0,796,246,3,89,615,65,3713,0,16,14,20142,85,9,99,1087,30,284,15,2948,521,543,0,45,302,204,27-Jun-20,918,0,17,6368,195,0,-100,167,66,170,3
Recovered,0,632,0,284,567,5,50,379,52,2737,0,2,87,14229,18,16,119,162,7,305,6,2210,254,456,0,77,261,145,27-Jun-20,371,0,39,4430,102,10,0,167,87,184,8
Deceased,0,19,0,11,1,0,0,18,0,68,0,0,0,414,1,0,6,6,0,11,0,66,13,7,0,0,2,2,27-Jun-20,11,0,0,167,0,0,0,4,0,1,0
Confirmed,3,598,11,813,327,5,70,624,84,3940,0,28,3,19610,29,12,160,983,22,327,4,2889,572,402,0,25,244,127,28-Jun-20,1267,2,93,5493,118,1,-184,221,32,264,1
Recovered,1,593,2,428,274,6,58,391,125,1443,0,0,32,11631,31,8,206,244,17,244,13,3306,404,445,0,69,226,91,28-Jun-20,220,0,23,2330,42,0,0,113,109,137,0
Deceased,0,11,0,12,1,0,1,19,0,54,0,0,0,384,1,0,5,4,0,8,0,65,10,5,0,0,4,1,28-Jun-20,16,0,0,156,0,0,0,7,1,3,0
Confirmed,3,681,7,793,302,5,53,626,101,3949,0,36,1,18339,42,34,202,975,26,389,15,2084,624,381,0,62,394,144,29-Jun-20,1105,1,42,5257,122,0,-554,184,8,245,0
Recovered,13,698,0,324,245,1,46,440,88,2212,0,4,30,13497,10,6,238,410,38,310,6,3628,526,585,0,56,218,269,29-Jun-20,176,0,39,2385,79,0,0,115,93,203,6
Deceased,0,12,0,11,0,0,0,19,0,62,0,0,0,417,0,0,5,6,0,6,0,57,14,9,0,3,1,1,29-Jun-20,19,0,0,181,1,0,0,7,1,2,0
Confirmed,6,664,7,704,613,4,64,620,63,3943,0,8,9,18256,24,8,150,945,11,348,10,2199,652,338,0,64,370,260,30-Jun-20,947,2,7,4878,131,0,-281,223,50,206,9
Recovered,15,578,0,279,314,1,72,422,100,2325,0,0,32,12565,10,0,103,1712,19,299,7,2113,411,470,0,35,170,137,30-Jun-20,235,0,59,1951,75,1,0,196,120,243,61
Deceased,0,25,0,7,1,0,0,20,0,60,0,0,0,506,1,0,6,7,1,8,0,62,15,4,0,0,5,6,30-Jun-20,20,0,0,245,1,0,0,8,2,2,0
Confirmed,6,564,3,657,548,4,72,675,82,3882,0,42,17,19429,25,8,100,1018,26,304,16,2442,611,393,0,35,216,198,01-Jul-20,1272,2,26,5537,151,1,-89,268,66,251,0
Recovered,3,545,5,477,184,4,74,368,53,2852,0,14,46,12064,29,1,122,788,42,354,27,1644,398,527,0,47,267,134,01-Jul-20,145,0,26,2243,132,2,0,260,86,164,1
Deceased,0,21,0,6,0,0,1,21,1,63,0,0,0,438,0,0,5,7,0,8,0,61,15,4,0,0,5,4,01-Jul-20,7,0,0,198,1,0,0,9,0,1,0
Confirmed,4,769,9,845,479,37,95,681,73,4343,0,34,1,21947,63,39,116,1213,35,350,25,2373,649,568,0,60,478,154,02-Jul-20,1502,3,19,6328,160,12,-83,245,37,229,2
Recovered,22,592,1,325,275,5,64,563,59,3095,0,15,35,19999,30,53,155,987,15,374,3,3015,509,520,0,57,183,118,02-Jul-20,271,1,37,8018,202,0,0,160,88,149,3
Deceased,0,17,0,5,2,0,0,19,0,57,0,0,0,378,0,0,3,8,0,9,0,61,16,11,0,0,5,10,02-Jul-20,19,0,0,125,0,0,0,8,1,2,0
Confirmed,4,972,7,837,365,20,94,687,52,4329,0,4,11,22718,22,93,153,1892,19,390,50,2520,669,494,0,112,426,170,03-Jul-20,1694,4,37,6364,211,1,-801,191,64,561,0
Recovered,4,376,3,319,221,4,38,340,52,2357,0,31,47,14417,53,53,122,1126,39,333,21,2617,534,672,0,13,217,101,03-Jul-20,471,0,23,3515,201,0,0,234,76,203,1
Deceased,0,14,0,8,0,0,0,18,0,64,0,0,0,444,1,0,5,8,0,10,0,59,18,4,0,0,6,4,03-Jul-20,21,0,0,198,0,0,0,4,0,2,0
Confirmed,5,757,3,765,1202,7,108,712,96,4280,0,24,3,24018,80,25,172,1850,13,480,37,2505,743,545,0,42,349,227,04-Jul-20,1839,8,9,7074,240,1,-1032,307,45,495,2
Recovered,2,557,12,376,416,1,53,473,112,2214,0,0,50,14746,21,3,40,1342,25,359,9,2632,595,566,0,34,277,68,04-Jul-20,439,0,28,3395,209,0,0,185,21,229,3
Deceased,0,24,0,12,0,0,2,21,0,65,0,0,0,611,1,0,5,5,1,7,0,81,19,5,0,3,4,8,04-Jul-20,42,0,0,295,0,0,0,5,0,6,0
Confirmed,7,1153,6,998,735,10,77,725,46,4150,0,27,0,23942,42,23,174,1590,17,632,32,2244,895,457,0,68,403,183,05-Jul-20,1925,2,41,6555,225,22,-370,326,31,469,22
Recovered,0,607,6,414,690,2,111,486,52,2186,0,3,0,15829,43,4,102,1166,28,288,17,3083,545,687,0,10,277,112,05-Jul-20,603,0,22,3658,126,9,0,177,22,290,3
Deceased,0,12,0,14,0,0,1,18,0,60,0,0,0,421,0,0,2,7,0,9,0,63,21,5,0,1,2,5,05-Jul-20,37,0,0,151,0,0,0,10,0,3,0
Confirmed,21,929,16,1322,786,1,52,735,98,3827,0,35,0,22500,65,111,208,1831,14,524,27,1379,861,499,0,47,280,246,06-Jul-20,1843,16,24,5368,193,0,284,354,37,456,11
Recovered,6,348,2,498,508,14,125,423,66,3793,0,12,10,15315,32,13,86,2078,26,350,16,749,524,391,0,23,249,63,06-Jul-20,680,0,45,3522,167,4,0,168,62,262,0
Deceased,0,24,0,7,0,1,0,17,0,61,0,0,0,473,0,0,5,11,0,5,0,48,22,11,0,1,7,6,06-Jul-20,30,0,0,204,2,0,0,9,0,2,0
Confirmed,5,1332,6,1178,814,6,90,778,110,3616,0,19,36,23147,32,24,258,1879,6,716,27,2008,850,495,0,164,385,256,07-Jul-20,1498,6,40,5134,272,2,121,343,69,571,1
Recovered,0,518,0,825,388,13,95,421,84,4545,0,60,24,16836,37,29,60,1506,27,297,10,2129,555,310,0,36,324,81,07-Jul-20,571,0,37,3296,111,0,0,189,35,217,6
Deceased,1,18,0,13,2,0,1,17,0,65,0,0,0,479,0,0,6,7,0,11,1,50,25,3,0,2,1,5,07-Jul-20,15,0,0,224,0,0,0,5,1,6,0
Confirmed,15,1188,2,1062,696,11,136,783,111,3756,0,13,6,25561,110,57,158,1924,18,659,15,2033,986,691,0,116,749,330,08-Jul-20,2062,6,5,6603,301,6,-16,409,28,527,5
Recovered,1,704,0,1356,397,4,51,569,107,3051,0,1,28,19508,67,76,274,992,43,291,11,3982,501,461,0,66,203,168,08-Jul-20,778,2,22,4634,107,6,0,219,29,303,4
Deceased,0,18,0,12,6,0,0,16,0,64,0,0,0,492,0,0,3,11,0,10,0,48,23,3,0,0,2,6,08-Jul-20,54,1,0,198,0,0,0,7,3,7,0
Confirmed,16,1206,7,1555,568,15,112,861,140,4231,0,16,8,25790,49,16,233,1410,39,500,14,2187,1088,674,0,134,704,240,09-Jul-20,2228,13,15,6875,339,1,-633,305,47,577,0
Recovered,1,796,9,1053,421,11,66,429,68,3994,0,0,27,19408,35,14,117,913,13,204,10,4027,535,399,0,40,251,128,09-Jul-20,957,0,6,4067,149,0,0,245,22,401,0
Deceased,0,17,0,13,5,0,1,15,1,65,0,0,0,479,2,0,5,7,0,9,0,45,27,5,0,1,9,5,09-Jul-20,17,0,0,219,0,0,0,5,0,6,0
Confirmed,13,1338,0,1608,936,33,100,875,166,3680,0,59,9,27762,72,142,217,1278,31,611,14,2089,1198,570,0,250,352,387,10-Jul-20,2313,73,132,7862,416,0,-224,316,68,755,23
Recovered,5,660,9,1040,701,0,74,441,125,4163,0,0,2,20289,18,34,72,1013,39,550,19,2468,522,399,0,14,459,91,10-Jul-20,1003,0,33,5366,112,9,0,249,34,565,0
Deceased,0,27,0,15,8,0,0,14,2,64,0,0,0,520,1,0,4,8,0,6,0,42,26,3,0,0,2,5,10-Jul-20,57,0,0,226,0,0,0,4,0,6,0
Confirmed,13,1392,0,1813,535,6,117,872,65,3965,0,16,13,27757,65,31,230,1178,11,574,14,1781,1344,648,0,145,709,268,11-Jul-20,2798,76,11,8139,488,26,-745,544,44,570,1
Recovered,5,902,0,1199,578,5,81,502,42,3591,0,9,11,19981,53,3,23,1714,23,249,12,2998,611,490,0,32,740,109,11-Jul-20,880,0,11,4360,143,0,0,198,12,388,7
Deceased,1,24,0,17,2,0,3,10,0,69,0,0,0,543,1,1,8,9,0,6,0,34,26,7,0,1,7,10,11-Jul-20,70,0,0,223,2,0,0,6,0,6,0
Confirmed,10,1384,7,1933,735,19,85,879,184,4244,0,26,9,29106,81,105,234,1269,31,644,16,1573,1560,658,0,97,1266,357,12-Jul-20,2627,33,16,7827,435,4,-392,431,120,595,4
Recovered,4,645,8,1019,468,13,59,513,83,3617,0,14,0,18198,49,46,352,1563,21,234,31,2276,622,589,0,52,962,84,12-Jul-20,693,0,53,3340,132,1,0,197,68,390,0
Deceased,0,21,0,19,4,0,2,13,2,68,0,0,0,500,0,0,4,8,0,7,0,37,26,4,0,7,7,10,12-Jul-20,71,0,0,173,2,0,0,9,1,5,0
Confirmed,29,1654,3,1935,1001,27,130,902,184,4328,0,71,7,28178,50,26,357,1550,30,544,25,1246,1435,689,0,203,1116,314,13-Jul-20,2738,21,17,6497,449,2,-666,575,71,616,2
Recovered,6,869,9,1052,522,7,53,608,49,3035,0,13,18,17683,46,54,194,1197,11,527,42,1344,632,654,0,43,411,116,13-Jul-20,838,1,74,4182,162,6,0,332,70,505,1
Deceased,0,21,0,37,4,1,3,10,0,66,0,0,0,541,0,0,5,9,0,8,0,40,24,7,0,2,9,8,13-Jul-20,73,0,0,193,2,0,0,10,2,7,0
Confirmed,12,1594,5,1916,859,75,170,915,114,4526,0,51,35,29917,63,90,333,1524,66,635,16,1606,1390,699,0,262,1432,346,14-Jul-20,2496,2,46,6741,608,45,-179,798,78,543,5
Recovered,23,778,20,1003,757,8,67,749,73,4743,0,6,0,20977,44,63,77,1161,11,539,33,1924,718,453,0,77,655,128,14-Jul-20,1142,0,50,4500,181,-1,0,367,11,609,8
Deceased,2,28,0,43,6,0,1,14,1,67,0,0,0,587,0,0,9,10,0,6,0,35,24,4,0,3,9,8,14-Jul-20,87,0,0,213,1,0,0,10,1,5,0
Confirmed,19,1659,5,2432,1088,29,198,925,177,4496,0,6,14,32607,65,98,288,1597,32,866,17,1647,1589,678,0,337,1320,493,15-Jul-20,3176,19,28,7975,623,11,-655,638,99,618,0
Recovered,13,762,1,911,715,0,67,791,49,5000,0,2,18,20646,60,66,204,1159,28,333,28,2463,749,577,0,57,514,114,15-Jul-20,1076,0,60,3606,196,1,0,333,81,612,0
Deceased,1,29,0,44,2,0,0,10,0,68,0,0,0,614,3,1,8,11,0,6,1,41,20,7,0,2,14,11,15-Jul-20,87,0,0,233,1,0,0,9,0,5,0
Confirmed,16,2058,4,2593,892,52,157,919,198,4549,0,14,5,35468,147,98,295,1676,36,737,18,1652,1690,696,0,221,1385,490,16-Jul-20,4169,40,64,8641,722,13,-239,735,197,494,34
Recovered,17,932,3,1015,666,0,143,828,127,5106,0,43,6,22867,58,33,410,1296,5,468,21,1994,735,518,0,28,568,109,16-Jul-20,1263,3,49,5527,228,0,0,219,47,401,1
Deceased,0,34,0,40,2,0,1,10,1,69,0,0,0,680,1,0,9,10,0,8,0,58,23,3,0,4,10,16,16-Jul-20,104,0,0,266,2,0,0,7,0,2,0
Confirmed,25,1722,0,2602,1218,66,196,949,249,4538,0,40,4,34820,89,118,348,1478,40,615,32,1462,1894,795,0,313,1742,601,17-Jul-20,3693,26,36,8308,791,32,-754,704,120,718,10
Recovered,4,959,0,905,551,22,129,770,61,3391,0,14,3,17476,67,47,96,1410,40,656,22,1608,838,533,0,64,896,112,17-Jul-20,1028,0,34,2217,132,1,0,387,26,453,0
Deceased,0,38,0,42,1,0,2,17,3,79,0,0,1,676,3,0,9,7,0,8,0,26,26,5,0,4,6,9,17-Jul-20,115,0,0,258,1,0,0,9,1,6,0
Confirmed,31,1873,4,3963,1117,41,180,960,243,4807,0,22,8,37411,58,171,350,1284,40,711,45,1475,2198,750,0,289,1667,441,18-Jul-20,4537,15,91,8348,593,19,-368,681,174,591,2
Recovered,5,1030,3,1465,1060,99,92,1062,146,3049,0,27,12,23583,48,51,81,1902,19,518,22,1973,1286,600,0,79,774,607,18-Jul-20,1018,0,19,5306,204,2,0,350,60,607,7
Deceased,1,24,0,52,2,0,0,19,0,88,0,0,0,543,3,2,7,6,0,7,0,26,27,17,0,2,4,5,18-Jul-20,93,0,0,144,2,0,0,8,1,3,0
Confirmed,26,2211,15,5041,1018,90,173,965,161,4979,0,10,19,40235,109,223,308,1296,64,934,37,1211,2278,617,0,167,1412,701,19-Jul-20,4120,32,20,9518,821,10,-163,837,239,736,0
Recovered,3,1181,0,1127,858,8,180,877,117,4059,0,13,18,22730,92,24,81,1831,29,586,14,1860,1344,475,0,62,826,646,19-Jul-20,1290,0,53,3906,172,0,0,447,35,516,0
Deceased,0,38,0,56,4,0,1,20,0,78,0,0,0,675,0,0,8,6,0,6,0,31,36,5,0,1,2,8,19-Jul-20,91,2,0,258,2,0,0,15,0,7,0
Confirmed,20,1913,4,4074,1093,50,196,998,191,4985,0,33,17,36806,93,202,410,1198,110,956,21,954,2282,694,0,225,1076,751,20-Jul-20,3648,19,14,8240,794,22,0,710,127,673,13
Recovered,30,986,6,1338,1072,3,143,777,169,3861,0,39,4,24303,111,86,583,1885,8,465,15,1784,1535,433,0,117,938,463,20-Jul-20,730,3,85,5460,245,2,0,373,96,457,1
Deceased,0,46,0,54,1,0,1,20,4,70,0,0,0,596,1,2,8,7,0,9,0,35,35,6,0,4,8,10,20-Jul-20,72,0,0,176,1,0,0,17,3,6,0
Confirmed,14,2128,5,4944,1680,68,174,1026,133,4965,0,9,3,39170,87,252,379,1430,33,983,28,1349,2261,604,0,418,1109,608,21-Jul-20,3649,21,90,8336,720,25,0,785,207,647,0
Recovered,0,1024,8,1346,938,18,88,744,170,4894,0,1,3,27589,53,81,271,2062,10,549,10,1200,1617,726,0,107,1206,181,21-Jul-20,1664,18,64,7188,274,16,0,573,85,400,0
Deceased,0,37,0,62,6,0,3,34,1,75,0,0,0,671,1,1,1,7,1,9,0,27,35,9,0,8,11,9,21-Jul-20,61,0,0,246,1,0,0,18,0,8,0
Confirmed,29,2300,9,6045,972,91,149,1020,268,5849,0,54,8,45601,121,126,412,1555,61,961,36,1227,2291,724,0,487,1502,453,22-Jul-20,4764,24,45,10576,1038,108,0,747,451,1078,20
Recovered,8,1645,4,6553,1317,11,92,837,116,4913,0,1,8,31875,51,107,252,1281,28,620,15,1532,1615,745,0,106,1135,152,22-Jul-20,1780,7,34,5552,272,4,0,579,52,440,11
Deceased,1,34,0,65,2,0,2,28,0,518,0,0,0,1130,1,1,6,9,0,6,0,29,39,8,0,3,10,10,22-Jul-20,55,0,0,280,1,0,0,14,2,6,0
Confirmed,20,2516,19,7998,1047,42,174,1078,371,6472,0,90,4,48443,120,206,438,1567,109,886,45,1041,2436,789,0,482,1625,718,23-Jul-20,5030,20,55,9895,1078,22,0,632,145,1264,9
Recovered,5,2303,7,5428,1349,20,114,718,157,5210,0,44,7,33326,31,39,100,1661,31,451,23,1415,2006,552,0,206,1083,102,23-Jul-20,2071,5,42,6484,432,10,0,523,50,643,4
Deceased,0,35,0,61,4,0,1,28,5,88,0,0,0,755,3,1,8,9,0,11,0,26,34,6,0,3,4,9,23-Jul-20,97,0,0,298,5,0,0,10,3,6,0
Confirmed,23,2667,19,8147,1130,65,190,1068,449,6785,0,65,36,48888,95,100,477,1640,120,958,44,1025,2216,780,0,400,1820,353,24-Jul-20,5007,53,31,9615,885,17,0,736,272,1594,6
Recovered,4,1909,4,2380,1062,58,210,872,180,6504,0,7,10,32514,83,59,355,1007,9,732,18,1866,1873,704,0,100,1873,508,24-Jul-20,2037,5,31,5714,968,15,0,507,42,808,0
Deceased,0,50,0,49,6,0,0,26,2,88,0,1,0,763,1,1,5,8,1,8,0,32,35,4,0,9,9,14,24-Jul-20,110,1,0,278,4,0,0,11,2,8,0
Confirmed,29,2971,31,7813,1165,70,146,1081,363,6988,0,50,30,50072,139,105,468,1593,95,1120,37,1142,2404,783,0,277,2803,523,25-Jul-20,5072,59,30,9251,1103,22,0,716,244,1320,29
Recovered,20,2191,2,3320,1294,36,182,782,116,7758,0,4,22,37125,78,79,201,998,28,759,13,2137,2125,701,0,167,1688,300,25-Jul-20,2403,7,29,7227,1049,5,0,622,54,728,0
Deceased,0,39,0,52,1,0,4,22,3,89,0,3,1,703,3,0,9,8,0,11,0,29,42,7,0,7,11,9,25-Jul-20,72,0,0,257,5,0,0,8,1,10,0
Confirmed,35,3246,28,7627,1142,32,175,1110,431,6986,0,50,9,48932,133,37,534,0,127,1132,49,1075,2341,794,0,508,2605,615,26-Jul-20,5199,56,59,9431,927,46,0,874,143,1376,0
Recovered,17,1738,4,3046,985,77,230,753,261,5471,0,8,6,31512,84,152,513,0,25,648,21,1807,2097,730,0,183,1788,411,26-Jul-20,2088,41,1,6044,689,5,0,644,71,864,10
Deceased,0,39,0,56,2,0,2,21,4,85,0,0,1,704,2,2,15,0,1,11,0,21,40,3,0,0,17,7,26-Jul-20,82,0,0,267,2,1,0,12,0,11,0
Confirmed,23,3505,20,6051,1348,81,258,1052,367,6993,0,46,21,46484,85,147,551,1473,94,1134,36,613,2112,795,0,454,2192,470,27-Jul-20,5324,36,51,7924,702,10,0,789,224,1503,0
Recovered,3,1192,12,3257,1362,69,133,1015,228,5723,0,20,3,34354,75,105,254,774,18,880,32,1497,2166,662,0,101,1536,474,27-Jul-20,1847,51,38,8706,745,27,0,659,109,581,0
Deceased,1,30,1,49,7,0,1,22,2,77,0,1,0,642,3,4,12,8,0,9,0,26,39,5,0,7,6,9,27-Jul-20,75,0,0,227,2,0,0,9,3,7,0
Confirmed,24,3458,25,7948,1371,91,168,1108,306,6972,0,75,21,49631,139,221,609,1610,60,1072,44,1056,2134,749,0,760,2480,489,28-Jul-20,5536,41,31,7717,1167,24,0,628,259,1215,23
Recovered,24,1687,4,3064,1216,43,185,1032,267,4707,0,8,1,35683,62,154,688,803,18,483,51,1135,2105,712,0,179,1376,483,28-Jul-20,2819,8,56,10333,679,12,0,552,45,687,5
Deceased,0,41,0,58,2,0,0,24,1,88,0,-1,0,774,4,4,18,9,0,11,0,28,38,9,0,4,14,12,28-Jul-20,102,0,0,282,4,0,0,10,4,8,0
Confirmed,44,3383,65,10093,1348,80,202,1144,314,6426,0,53,20,52479,166,216,568,1764,73,1144,38,1035,2294,755,0,331,2328,540,29-Jul-20,5503,5,141,9211,903,17,0,917,279,1068,11
Recovered,12,1287,5,2784,1214,60,189,783,197,5927,0,18,13,32886,92,57,461,842,98,992,19,1126,2094,662,0,77,1284,437,29-Jul-20,2397,13,38,7478,641,12,0,591,91,878,17
Deceased,0,33,1,65,4,0,3,24,4,82,0,0,2,775,0,0,25,12,0,10,0,26,41,7,0,5,4,15,29-Jul-20,90,0,1,298,1,0,0,14,2,6,0
Confirmed,38,3705,42,10167,2112,74,215,1159,256,5864,0,53,31,54968,121,219,510,1811,103,1156,35,1093,2434,623,0,505,2082,450,30-Jul-20,6128,19,47,11147,506,14,0,834,199,1203,13
Recovered,36,996,0,4618,1248,150,221,879,285,5295,0,30,14,37425,84,284,296,821,55,922,17,1091,2140,920,0,115,1169,520,30-Jul-20,3793,3,19,8860,794,16,0,723,185,807,19
Deceased,0,57,1,68,2,0,3,22,1,100,0,0,1,784,1,0,9,13,0,13,0,29,46,4,0,4,12,17,30-Jul-20,83,0,3,266,2,0,0,13,4,10,0
Confirmed,35,4422,78,10376,1862,107,209,1153,336,5881,0,127,26,57486,174,274,663,1986,58,1147,46,1195,2496,711,0,915,2986,490,31-Jul-20,5483,20,116,10320,1310,29,0,838,118,1499,0
Recovered,20,2060,13,3840,1277,91,206,833,309,5778,0,10,1,36554,142,365,225,816,72,614,41,1206,2118,887,0,167,1977,375,31-Jul-20,3094,5,17,7543,864,17,0,614,172,772,13
Deceased,1,43,2,68,4,0,3,22,3,94,0,0,0,764,1,0,16,14,0,13,0,27,45,4,0,3,13,12,31-Jul-20,84,0,1,265,3,0,0,10,4,9,0
Confirmed,28,3587,88,9276,1457,83,280,1136,235,5879,0,138,58,55117,134,252,944,2083,70,1160,45,1118,2589,793,0,790,3521,613,01-Aug-20,5172,33,135,9601,1129,11,0,808,264,1602,5
Recovered,16,2471,12,12750,1085,51,227,875,380,7010,0,5,13,51368,98,136,341,1114,43,823,30,1201,2143,853,0,170,1823,654,01-Aug-20,3860,37,10,10725,752,38,0,698,162,756,6
Deceased,3,47,2,58,3,0,3,24,1,99,0,0,0,854,2,2,19,11,0,14,0,26,48,7,0,8,14,11,01-Aug-20,98,0,1,322,8,0,0,9,3,11,0
Confirmed,38,3873,98,8555,1178,24,337,1101,181,5875,0,104,4,52672,200,141,790,1891,69,1167,55,961,2739,761,0,455,2762,444,02-Aug-20,5532,18,75,9509,1169,8,0,921,146,1434,57
Recovered,15,2023,16,6272,942,27,230,805,381,5517,0,8,0,40355,111,142,391,1088,57,548,49,1186,2213,610,0,169,1164,256,02-Aug-20,4077,12,38,9926,688,20,0,581,107,681,5
Deceased,1,53,1,67,4,0,5,22,3,98,0,0,0,760,1,4,18,10,0,12,0,15,49,5,0,4,10,8,02-Aug-20,84,0,1,260,1,0,0,10,3,11,0
Confirmed,43,4441,96,7822,2371,60,286,1009,212,5609,0,194,19,50488,176,0,674,983,115,1145,35,805,2716,654,0,941,2297,590,03-Aug-20,4752,28,89,8968,961,30,0,750,207,1384,26
Recovered,8,2036,21,5786,1044,67,208,974,265,5800,0,9,1,43070,102,0,416,1019,99,835,62,937,2088,780,0,112,1871,905,03-Aug-20,4775,0,29,10221,815,8,0,549,101,1119,8
Deceased,0,48,2,63,4,0,3,22,3,109,0,0,0,806,4,0,19,11,0,13,0,17,53,7,0,7,14,11,03-Aug-20,98,0,0,266,2,0,0,14,4,12,0
Confirmed,46,2948,98,9747,2886,32,259,1020,382,5063,0,276,49,51282,165,131,488,1286,61,1124,43,674,2752,623,0,570,2464,390,04-Aug-20,6259,15,98,7760,1083,95,0,797,208,1384,6
Recovered,9,1878,14,6953,993,42,238,898,357,6501,0,2,18,51220,126,70,609,1066,52,781,54,972,2066,756,0,405,2252,824,04-Aug-20,6772,66,48,12326,1021,2,0,1315,309,1409,16
Deceased,1,39,2,67,6,0,4,25,8,108,0,0,0,849,2,1,20,12,0,13,0,12,54,8,0,4,13,10,04-Aug-20,110,0,0,300,3,0,0,12,5,10,0
Confirmed,64,4078,99,10128,2284,65,348,1073,295,5175,0,93,58,56626,286,122,841,2012,37,1166,45,1076,2816,752,0,978,2701,559,05-Aug-20,5619,22,75,10309,1195,17,0,652,246,1337,3
Recovered,0,3287,49,8729,1471,105,173,1046,258,6031,0,26,37,45583,131,50,452,1139,52,1017,41,890,2078,734,0,627,1610,388,05-Aug-20,5407,9,48,6165,1234,4,0,650,386,1255,4
Deceased,0,40,2,77,6,0,4,23,2,112,0,2,0,919,7,2,29,13,0,13,0,11,61,7,0,7,20,9,05-Aug-20,100,0,0,334,7,0,0,17,3,11,0
Confirmed,57,4586,96,10328,2372,93,191,1034,523,5684,0,82,3,62170,188,98,1035,2092,131,1151,43,1299,2954,755,0,708,3416,499,06-Aug-20,6805,51,124,11514,1298,29,0,830,369,1699,33
Recovered,62,2844,29,8516,1332,35,166,917,217,6272,0,134,13,50141,140,68,716,1289,103,1282,36,1008,2061,680,0,768,1450,464,06-Aug-20,5602,6,43,10854,800,50,0,838,194,1150,2
Deceased,0,61,2,72,5,0,2,27,6,110,0,0,0,899,5,1,26,13,0,12,0,15,56,3,0,9,19,10,06-Aug-20,93,0,1,316,3,0,0,17,4,11,0
Confirmed,47,4404,99,10171,2679,101,333,1074,388,5880,0,77,19,61455,241,128,1039,2207,103,1161,44,1192,2912,751,0,726,3646,473,07-Aug-20,6670,16,249,10483,1251,25,0,734,278,1833,21
Recovered,43,3432,70,7594,1585,81,142,1370,231,6488,0,5,17,50387,106,67,381,1136,89,1064,41,1108,2037,804,0,897,2445,510,07-Aug-20,3951,66,21,10906,814,53,0,719,304,1810,0
Deceased,3,63,3,89,6,0,4,22,10,119,0,1,2,936,5,5,22,12,0,10,0,23,52,9,0,6,12,13,07-Aug-20,100,0,2,300,5,0,0,16,10,12,0
Confirmed,52,4660,129,10080,2218,68,259,1101,447,5883,0,31,25,65156,261,146,998,2256,114,1171,51,1404,2949,789,0,986,3992,463,08-Aug-20,7178,17,169,12822,1420,6,0,859,501,1643,8
Recovered,52,2999,75,9151,1782,104,207,1135,263,5043,0,69,20,52135,140,224,820,1091,127,968,51,1130,2064,587,0,834,2408,449,08-Aug-20,5006,12,1,11081,1715,11,0,732,232,1544,8
Deceased,1,47,1,97,8,0,2,23,3,118,0,0,0,875,5,1,23,14,0,11,0,16,51,7,0,9,19,10,08-Aug-20,93,1,1,275,4,0,0,15,5,15,0
Confirmed,89,4571,139,10820,1123,38,506,1078,293,5994,0,93,49,62117,259,147,975,1982,107,1169,45,1300,2939,792,0,688,3934,507,09-Aug-20,5985,39,118,12248,1211,6,0,868,230,1734,41
Recovered,32,2817,148,9097,1734,52,193,1311,227,6020,0,11,8,54474,147,92,459,1669,100,1072,28,1225,1996,750,0,673,2642,336,09-Aug-20,4670,67,117,13348,970,80,0,667,171,1543,2
Deceased,1,41,0,97,5,0,3,25,6,119,0,1,0,1013,7,4,24,12,1,11,0,13,54,9,0,17,10,13,09-Aug-20,107,0,0,390,2,0,0,19,8,14,0
Confirmed,80,4113,135,7665,2900,76,317,1056,477,5914,0,230,29,53016,242,62,986,1256,92,1173,62,707,2905,794,0,630,3021,470,10-Aug-20,4267,53,100,9181,1184,44,0,866,389,1528,12
Recovered,100,4074,61,6924,1261,110,213,1138,208,6037,0,69,15,47362,154,267,416,1587,24,825,50,1070,3208,711,0,750,2824,372,10-Aug-20,5218,8,78,6711,784,13,0,654,167,1236,25
Deceased,0,51,0,80,6,0,5,20,3,114,0,0,0,887,2,1,18,10,2,11,0,20,41,6,0,12,21,6,10-Aug-20,114,0,0,293,7,0,0,19,9,16,0
Confirmed,75,5041,139,9024,2669,96,415,1118,360,5834,0,20,53,61252,276,164,1000,1896,34,1217,39,1257,2931,798,0,683,4071,564,11-Aug-20,6257,27,88,11088,1417,3,0,843,411,1341,3
Recovered,11,3865,40,9113,1487,42,272,1140,222,6005,0,12,18,56461,177,213,1055,1788,68,1339,41,727,3067,590,0,807,2900,604,11-Aug-20,6473,12,33,10014,1426,24,0,922,169,1785,0
Deceased,1,56,1,87,4,0,6,23,5,118,0,-1,0,835,2,1,32,8,1,11,0,8,49,11,0,5,15,12,11-Aug-20,86,0,1,256,5,0,0,18,2,12,0
Confirmed,81,4475,136,9597,4593,103,480,1152,567,5871,0,87,41,67066,481,110,1020,1897,139,1213,39,1113,2936,797,0,788,3741,482,12-Aug-20,7883,37,41,12712,1212,17,0,870,454,1876,25
Recovered,8,4072,80,6676,2136,25,161,977,269,5633,0,128,19,57759,144,182,422,1920,89,1249,35,1021,2725,612,0,1642,3029,544,12-Aug-20,7034,7,76,13408,880,16,0,643,217,1673,7
Deceased,1,54,0,93,6,0,3,18,5,119,0,0,0,950,5,0,39,9,0,11,0,14,54,3,0,8,9,8,12-Aug-20,113,0,0,344,6,0,0,15,4,9,0
Confirmed,91,4537,137,9996,2796,82,570,1092,478,5835,0,50,38,64141,299,121,1027,1931,180,1314,46,956,2997,793,0,693,3906,536,13-Aug-20,6706,14,130,11813,1564,1,0,1014,416,1981,1
Recovered,53,4125,95,9499,2174,59,271,1046,150,5146,0,26,8,54776,152,74,627,1780,73,171,38,913,2497,792,0,816,2439,779,13-Aug-20,8609,30,64,9115,766,31,0,596,327,1422,13
Deceased,1,50,1,82,8,1,2,18,8,119,0,0,0,1006,6,1,31,11,1,11,0,14,56,8,0,7,10,11,13-Aug-20,103,0,1,413,3,0,0,17,3,9,0
Confirmed,86,4512,149,8943,2706,95,476,1087,529,5890,0,154,30,65610,315,164,1077,1921,58,1278,41,1192,3035,797,0,1175,3911,540,14-Aug-20,7908,35,86,12608,1569,149,0,796,313,1977,8
Recovered,15,3740,108,9779,2310,32,245,1083,199,5556,0,59,21,56920,181,103,489,1210,116,2078,31,790,2572,862,0,665,2800,640,14-Aug-20,6940,34,65,10484,1304,42,0,570,488,1305,4
Deceased,0,55,2,97,6,1,2,15,13,117,0,0,0,989,4,2,25,9,0,13,0,11,60,7,0,15,16,11,14-Aug-20,104,0,0,364,10,0,0,16,4,10,0
Confirmed,81,4774,120,8732,1057,51,369,1094,486,5860,0,18,30,63986,359,167,1028,1863,119,1287,64,1276,3074,796,0,547,3536,532,15-Aug-20,8818,64,192,12020,1608,68,0,1019,325,2496,56
Recovered,27,3705,96,10414,1593,21,331,1015,189,5236,0,123,4,53116,215,73,535,1912,81,1357,72,1143,2647,591,0,503,3368,734,15-Aug-20,6629,15,78,6844,803,38,0,948,246,1521,9
Deceased,0,58,0,87,7,0,5,19,4,127,0,0,1,952,0,4,40,10,0,16,0,10,58,10,0,5,15,7,15-Aug-20,114,0,0,322,7,0,0,13,4,9,0
Confirmed,93,4357,93,8012,1317,43,300,1120,576,5950,0,54,39,58096,378,127,1165,1102,163,1317,35,652,3066,743,0,552,2187,449,16-Aug-20,7040,82,179,11111,1530,19,0,1022,235,2924,64
Recovered,19,4201,98,10117,1929,37,287,959,189,6019,0,101,49,57404,219,63,568,1930,88,1350,47,1310,2935,662,0,566,3891,267,16-Aug-20,6680,79,194,8837,1099,12,0,685,352,1550,15
Deceased,1,56,4,88,7,0,6,20,8,125,0,0,4,952,4,5,41,9,0,14,0,8,51,10,0,15,22,15,16-Aug-20,116,0,3,288,10,0,0,11,1,10,0
Confirmed,114,3798,46,6780,2792,40,355,1033,404,5890,0,61,18,54298,297,143,1489,894,18,1334,27,787,3080,887,0,843,2525,422,17-Aug-20,6317,44,118,8493,1725,20,0,930,318,2244,12
Recovered,46,4376,99,7866,1519,85,283,1083,363,5667,0,108,12,58172,184,135,749,2006,114,1050,49,740,2932,1009,0,601,4140,353,17-Aug-20,7071,4,102,11391,1131,28,0,987,385,1503,1
Deceased,1,66,1,82,8,0,7,15,8,120,0,0,0,880,4,4,50,10,0,11,0,18,45,12,0,11,5,6,17-Aug-20,115,0,1,228,13,0,0,23,6,10,0
Confirmed,89,4218,84,9652,2534,134,339,1126,808,5709,0,65,44,64999,367,205,1705,1682,61,1347,51,1374,3175,896,0,1241,3257,434,18-Aug-20,7665,39,78,11119,1758,20,0,990,468,2239,26
Recovered,60,4799,96,9211,1560,56,298,1131,249,5850,0,134,27,60455,282,118,1582,2070,89,1306,39,1146,2987,688,0,361,4034,590,18-Aug-20,8387,6,55,9356,1365,54,0,688,239,1535,7
Deceased,0,70,1,88,6,0,5,20,8,121,0,0,3,1099,9,3,36,8,0,11,0,12,55,7,0,10,16,13,18-Aug-20,139,0,1,422,6,1,0,13,6,9,0
Confirmed,91,5076,75,9742,2116,75,342,1145,752,5795,0,38,38,69196,356,236,1683,1763,176,1312,37,1398,3169,994,0,967,2884,708,19-Aug-20,8642,78,111,13165,2333,25,0,976,264,2589,45
Recovered,108,5620,108,8061,2054,73,357,1120,338,6384,0,42,2,59365,403,93,941,1789,69,1003,48,1320,2973,758,0,857,3838,611,19-Aug-20,7201,40,96,9011,1217,34,0,762,408,1621,5
Deceased,1,53,0,86,10,0,8,17,6,116,0,0,1,979,6,3,22,8,2,12,0,9,53,10,0,13,10,11,19-Aug-20,126,0,0,346,7,1,0,18,14,10,0
Confirmed,119,4824,76,9393,1735,116,424,1175,1052,5986,0,25,29,68518,540,190,1741,1724,127,1330,34,1215,3197,996,0,638,2451,683,20-Aug-20,7385,126,49,14647,1968,58,0,1142,411,2898,14
Recovered,39,5863,109,8846,2772,71,350,1123,554,5742,0,215,39,61873,322,68,334,1195,93,1227,46,1059,3126,737,0,754,3585,728,20-Aug-20,6231,5,117,12243,1217,38,0,1065,301,1641,18
Deceased,0,95,1,95,8,0,2,16,8,116,0,0,0,981,8,0,37,10,2,11,0,22,53,11,0,8,6,6,20-Aug-20,102,0,0,326,9,0,0,12,9,8,0
Confirmed,116,4905,67,9544,1856,60,385,1204,873,5995,0,36,56,68519,302,256,1503,1457,190,1335,53,1250,3245,1203,0,1258,2461,654,21-Aug-20,7571,57,124,14161,1983,46,0,1147,447,2698,21
Recovered,36,5567,106,8827,2476,32,477,1324,283,5764,0,153,13,62858,300,86,856,1781,149,1306,39,1082,3082,620,0,1052,3678,580,21-Aug-20,6561,19,259,11749,1419,7,0,987,243,1927,18
Deceased,2,64,1,91,6,0,9,14,8,101,0,0,1,953,6,4,34,8,2,12,0,13,55,7,0,11,14,15,21-Aug-20,93,0,2,339,12,0,0,14,5,10,0
Confirmed,145,5217,61,10276,1560,97,306,1212,704,5980,0,16,77,70067,518,280,1316,2474,167,1310,40,1412,3232,1161,0,907,2238,610,22-Aug-20,7330,93,83,14492,2172,45,0,1226,483,2819,8
Recovered,45,4638,109,8593,2045,103,479,980,372,5603,0,92,20,59101,373,410,409,1768,107,1648,50,1230,3088,600,0,814,3531,593,22-Aug-20,7626,20,194,9241,1292,37,0,872,345,1773,1
Deceased,0,70,0,97,7,0,5,14,10,80,0,1,2,918,8,1,45,7,4,11,0,14,48,12,0,13,13,15,22-Aug-20,93,1,2,297,15,0,0,21,3,9,0
Confirmed,142,5325,52,7895,1272,40,209,1101,704,5975,0,51,69,61749,410,331,1136,2384,106,1345,36,1450,3274,1096,0,1075,2247,666,23-Aug-20,5938,106,114,10441,1908,22,0,1263,558,2993,15
Recovered,21,4318,110,7449,3259,69,453,972,537,6047,0,128,22,56896,350,121,2226,1851,120,1180,42,1250,3048,809,0,950,3082,434,23-Aug-20,4996,7,161,8157,1110,0,0,991,459,2129,38
Deceased,4,59,1,93,8,0,4,14,7,97,0,0,2,846,8,2,50,11,0,11,0,16,57,6,0,8,9,9,23-Aug-20,68,1,0,258,5,0,0,23,5,10,0
Confirmed,117,4601,44,8601,1879,49,139,1067,1136,5967,0,28,51,59696,337,200,1505,1842,100,1346,18,1061,2967,1074,0,940,1227,428,24-Aug-20,5851,59,116,11015,1242,43,0,1292,405,2949,0
Recovered,154,4494,129,8741,2190,130,437,1021,493,6129,0,102,26,66305,285,159,1829,1825,123,1276,39,1200,3285,583,0,889,2908,373,24-Aug-20,8061,13,97,14219,1238,63,0,841,432,2519,2
Deceased,0,61,2,86,10,0,4,13,9,97,0,0,0,854,5,1,43,6,0,12,0,13,57,10,0,17,17,7,24-Aug-20,127,0,0,212,11,0,0,17,7,10,0
Confirmed,174,5006,41,9927,1973,100,392,1096,1287,5951,0,38,90,66873,567,293,1293,2579,53,1370,21,1544,2964,1148,0,1056,1444,701,25-Aug-20,8161,42,82,10425,2375,29,0,1379,485,2752,35
Recovered,67,4647,139,9419,1724,81,315,1011,308,6998,0,215,32,64151,331,73,788,1752,164,1526,33,1155,3251,1091,0,725,3169,389,25-Aug-20,6814,43,99,12300,1456,120,0,1079,289,2545,3
Deceased,3,72,2,92,8,0,9,20,15,107,0,0,1,1066,8,6,49,9,1,13,0,17,58,10,0,12,17,14,25-Aug-20,148,0,2,329,10,0,0,19,6,9,0
Confirmed,167,5640,40,10830,2179,143,497,1197,1209,5958,0,26,31,75995,504,329,1513,3018,167,1345,22,1693,2974,1397,0,1137,2163,704,26-Aug-20,8580,32,141,14888,2476,11,0,1064,535,3371,14
Recovered,87,3808,78,8473,2148,55,287,1047,413,5606,0,0,31,56191,213,160,1086,1060,62,1453,41,1154,3314,1117,0,736,2234,599,26-Aug-20,7249,42,17,7637,1351,22,0,936,323,3343,9
Deceased,1,82,4,81,14,0,8,17,10,118,0,0,1,1017,8,4,41,10,2,12,0,17,55,11,0,15,9,19,26-Aug-20,133,0,1,295,13,0,0,17,6,13,0
Confirmed,188,5391,33,10621,2036,78,456,1190,1438,5981,0,6,41,76827,504,385,1746,2795,180,1345,42,1840,2997,1293,0,1365,1860,655,27-Aug-20,9386,80,140,14857,2406,56,0,1317,728,3384,7
Recovered,177,4331,65,8528,2345,58,356,1193,462,5870,0,124,60,59620,275,123,741,872,198,1006,56,1130,3189,1077,0,633,2931,528,27-Aug-20,7866,25,128,9136,2067,75,0,1207,251,2510,27
Deceased,2,76,1,92,4,0,6,17,14,109,0,0,2,1066,10,2,37,8,1,13,0,22,53,12,0,15,9,14,27-Aug-20,141,1,0,355,10,0,0,24,9,7,0
Confirmed,160,5405,32,10526,2560,112,523,1272,1245,5996,0,21,48,76657,590,509,1542,2932,136,1355,31,1808,2982,1298,0,1137,1998,696,28-Aug-20,8960,110,118,14427,2543,34,0,1252,588,3682,29
Recovered,130,4986,70,8463,1763,88,429,1050,502,5752,0,115,74,64475,319,142,2036,1580,141,1448,47,1446,3286,1020,0,1019,2749,651,28-Aug-20,7464,59,100,11607,2097,33,0,943,349,2503,14
Deceased,2,77,0,81,8,2,4,14,6,102,0,0,1,1019,9,4,51,11,0,12,0,20,56,15,0,12,12,7,28-Aug-20,136,1,2,331,7,0,0,17,11,8,0
Confirmed,261,5633,31,10548,2427,132,547,1282,1513,6352,0,46,63,78479,532,443,1470,2751,144,1407,15,1954,3012,1391,0,1299,2087,546,29-Aug-20,8324,43,117,16286,2397,26,0,1442,706,3252,0
Recovered,141,4862,75,8976,1440,45,433,1111,709,6045,0,58,31,64982,431,198,1083,1675,117,938,29,1449,3312,1001,0,1078,2629,648,29-Aug-20,8110,77,129,11541,2225,11,0,1017,400,2888,70
Deceased,0,62,2,82,3,0,3,13,11,87,0,0,4,943,12,5,41,9,1,13,0,15,53,9,0,9,5,7,29-Aug-20,115,0,1,328,6,0,0,22,11,14,0
Confirmed,170,6175,23,10603,1980,157,451,1272,1346,6495,0,71,35,79461,571,447,1678,2924,164,1450,32,2024,3019,1295,0,1323,2078,786,30-Aug-20,8852,60,152,16408,2154,25,0,1558,664,3014,5
Recovered,48,4802,67,9067,1417,68,457,1095,485,6406,0,109,12,60422,457,195,1656,1638,142,2122,53,1249,3308,909,0,1232,2231,490,30-Aug-20,7101,14,53,7690,1766,25,0,1054,480,2519,5
Deceased,7,67,1,88,7,0,5,17,7,94,0,0,2,960,10,4,56,10,1,13,0,22,50,12,0,12,9,9,30-Aug-20,106,0,0,296,7,0,0,29,7,12,0
Confirmed,191,4782,28,10004,3266,78,414,1280,1411,5956,0,28,43,68766,284,321,1466,1873,171,1466,27,1358,2993,1450,0,3221,1324,535,31-Aug-20,6495,25,140,11852,1530,25,0,1532,592,2602,3
Recovered,135,4597,61,8772,1531,63,391,1025,686,6008,0,41,117,64435,366,201,1280,1849,65,1719,39,1507,3318,1052,0,695,2267,505,31-Aug-20,7238,113,91,11158,1693,5,0,1190,604,4053,0
Deceased,4,63,1,85,10,0,9,14,8,91,0,0,0,816,7,5,49,9,3,13,0,18,52,7,0,7,6,9,31-Aug-20,113,0,0,184,7,0,0,20,12,10,0
Confirmed,204,5343,28,10368,2684,100,588,1310,1884,5928,0,53,52,78168,355,509,1516,2734,139,1470,19,2312,2943,1694,0,2177,1928,525,01-Sep-20,9058,72,130,15765,1140,18,0,1525,571,3025,1
Recovered,120,4537,67,9350,1434,94,273,1131,578,6031,0,133,104,62145,341,221,1120,2325,173,1312,41,1050,3346,1163,0,1006,2029,469,01-Sep-20,5159,73,120,10978,2111,12,0,1335,404,3484,21
Deceased,1,56,0,84,9,0,2,14,10,96,0,0,1,892,12,10,59,9,4,13,0,18,55,17,0,11,15,14,01-Sep-20,0,2,1,320,4,1,0,32,11,11,0
Confirmed,239,5682,26,10392,3555,148,636,1305,2296,5990,0,14,52,82860,391,566,1481,2892,161,1511,44,2509,2976,1792,0,1029,1969,641,02-Sep-20,9860,77,125,17433,1547,34,0,1424,836,3219,8
Recovered,119,4687,44,8454,1834,96,209,1141,653,5891,0,22,29,67874,293,193,1595,2240,69,2550,17,1858,3297,1040,0,1598,1803,595,02-Sep-20,6287,83,157,13959,2129,23,0,1132,425,3303,49
Deceased,2,74,1,72,8,0,10,12,12,98,0,0,0,913,13,5,106,10,1,12,0,19,56,15,0,10,13,15,02-Sep-20,0,1,0,292,7,0,0,27,11,11,0
Confirmed,276,5662,37,10199,3054,214,713,1325,2284,5892,0,49,55,84156,424,590,1526,2817,199,1553,29,2737,2984,1881,0,1618,1922,1079,03-Sep-20,8865,109,102,18105,1553,34,0,1672,946,3631,20
Recovered,213,4448,65,9499,1971,92,302,1126,730,6110,0,101,32,67491,311,186,1529,2611,98,546,20,1528,3335,1014,0,1139,1572,680,03-Sep-20,7122,75,167,13988,1950,44,0,1091,508,3278,10
Deceased,4,75,1,75,7,1,8,16,16,92,0,0,0,979,7,8,72,10,5,14,0,19,55,19,0,6,6,11,03-Sep-20,0,0,3,391,10,1,0,30,9,8,0
Confirmed,203,6074,34,10776,2891,201,508,1320,2667,5976,0,41,95,87115,591,524,1498,2478,215,1570,51,2914,2978,1884,0,1559,1978,1047,04-Sep-20,9280,108,90,19218,2479,105,0,1658,831,3267,6
Recovered,222,5006,40,12334,2020,113,386,1218,658,6334,0,37,46,69625,395,179,1272,2011,107,679,43,1751,3305,1282,0,1157,1435,676,04-Sep-20,6161,75,125,13289,2716,17,0,1042,502,2980,12
Deceased,5,71,1,76,15,0,8,14,22,79,0,0,0,950,20,3,49,10,2,13,0,13,58,19,0,3,13,12,04-Sep-20,0,1,3,378,11,0,0,30,12,9,0
Confirmed,234,6590,35,10825,2698,139,592,1311,2529,5870,0,21,61,90600,394,691,1514,2511,188,1566,21,2973,3042,2289,0,1758,1727,1251,05-Sep-20,9746,182,184,20800,2655,58,0,1636,950,3543,16
Recovered,185,5141,41,11941,2343,101,534,1148,879,5859,0,68,42,73161,433,271,1306,2579,21,1346,28,1920,3248,1409,0,2287,1965,489,05-Sep-20,9102,59,76,10801,2111,26,0,1392,535,3443,32
Deceased,1,81,1,71,7,0,9,16,19,64,0,0,0,916,18,7,69,11,4,14,0,25,58,22,0,15,9,15,05-Sep-20,0,1,1,312,11,0,0,30,18,7,0
Confirmed,261,6518,40,10794,1537,86,374,1335,2100,5783,0,50,40,91725,466,603,1946,2574,397,1593,38,3256,3087,2277,0,1266,1797,1316,06-Sep-20,9319,89,139,23350,3082,9,0,1694,668,3810,31
Recovered,149,4779,47,11915,1763,91,558,1212,711,5820,0,77,24,69630,525,262,1606,2927,197,1616,27,2188,3207,1471,0,1854,1924,403,06-Sep-20,9575,29,189,7826,2196,24,0,1238,591,2590,19
Deceased,2,77,0,70,8,0,7,14,24,85,0,0,0,1005,16,8,54,9,1,15,0,29,52,25,0,7,4,14,06-Sep-20,95,1,2,328,10,0,0,29,11,8,0
Confirmed,232,5568,27,8368,2785,180,344,1330,2017,5776,0,42,28,75015,284,399,2110,1802,245,1580,15,2077,3077,2224,0,1557,1369,1013,07-Sep-20,5773,29,84,16429,1648,29,0,1885,807,3861,21
Recovered,295,4993,46,10055,2250,124,588,1276,979,5930,0,178,60,74116,503,303,1565,2711,221,1566,20,2411,3021,1560,0,1366,1845,433,07-Sep-20,7897,4,194,14922,2246,25,0,1022,473,3034,0
Deceased,3,56,0,70,10,0,9,15,15,89,0,0,0,1129,11,5,61,9,1,14,0,32,58,23,0,13,7,17,07-Sep-20,141,1,0,423,12,0,0,17,7,10,0
Confirmed,377,6622,33,10601,2578,221,457,1295,2834,5684,0,25,38,89855,433,628,1964,2392,171,1590,27,3609,3091,2286,0,2676,1667,1355,08-Sep-20,7866,42,96,20131,3026,19,0,1864,658,3490,9
Recovered,226,5439,38,11691,2166,127,448,1445,615,6599,0,54,77,74608,446,294,2307,2346,85,1445,32,1756,2996,1704,0,1812,1944,491,08-Sep-20,7803,156,126,13234,1862,17,0,1600,427,2787,13
Deceased,1,71,0,73,8,1,11,13,12,87,0,0,0,1107,12,3,67,11,4,13,0,19,57,25,0,14,4,14,08-Sep-20,146,0,1,380,13,2,0,20,12,13,0
Confirmed,332,6568,34,10418,2243,144,621,1329,2818,5584,0,130,40,95536,335,582,2137,2479,316,1610,26,4039,3107,2294,0,1601,1498,1617,09-Sep-20,9540,121,160,23577,3402,31,0,1869,1117,3748,69
Recovered,180,5731,43,9842,2265,183,281,1336,1146,6516,0,48,41,73062,386,311,1231,2485,142,1578,24,2623,2967,1828,0,1297,1702,620,09-Sep-20,6860,107,64,13906,2058,16,0,1341,789,3110,5
Deceased,2,65,1,74,18,0,6,16,70,78,0,0,0,1168,10,9,71,10,3,14,0,20,53,28,0,16,10,17,09-Sep-20,128,2,1,380,12,0,0,31,12,11,0
Confirmed,283,6988,39,10175,2739,127,639,1332,2748,5528,0,261,35,96762,452,535,2459,2534,319,1640,28,4308,3112,2591,0,1182,1543,1592,10-Sep-20,9217,99,108,23446,3349,20,0,2187,1015,3991,141
Recovered,191,4605,43,10040,2197,99,436,1415,1917,6185,0,5,37,70904,422,340,1348,2071,80,1032,29,2637,3035,1562,0,1456,1480,344,10-Sep-20,7021,19,245,14253,1657,41,0,1435,521,2706,0
Deceased,3,94,0,68,18,0,6,15,16,64,0,0,1,1213,6,6,88,11,3,14,0,28,41,25,0,5,10,13,10-Sep-20,129,1,4,495,12,0,0,21,5,11,0
Confirmed,305,7016,29,9999,2534,153,555,1344,2963,5519,0,310,51,97655,490,559,2473,2426,318,1660,25,4266,3157,2388,0,961,1710,1578,11-Sep-20,9464,151,109,24886,2988,17,0,2240,995,3996,20
Recovered,269,5936,36,11069,2628,121,473,1240,1268,6006,0,10,21,81456,394,262,1402,2324,158,1488,39,2754,3016,1820,0,1213,2187,474,11-Sep-20,12545,47,209,14308,1326,16,0,1651,645,4061,40
Deceased,3,76,0,77,16,1,8,16,25,77,0,0,2,1202,12,5,63,13,5,15,0,21,57,25,0,15,12,9,11-Sep-20,130,4,0,442,14,4,0,30,11,14,0
Confirmed,250,6786,27,9901,2132,136,740,1365,3120,5495,0,118,66,94414,419,470,2441,2278,445,1669,29,4321,3161,2783,0,1420,1421,1698,12-Sep-20,9140,168,152,22084,2885,29,0,2347,1115,3777,26
Recovered,264,6085,45,10292,2553,127,511,1335,855,6227,0,31,27,77862,445,479,2077,2458,123,932,30,3141,3042,2188,0,1746,1700,596,12-Sep-20,9557,131,100,13489,1944,17,0,1462,603,3217,33
Deceased,6,67,0,67,23,0,10,15,21,76,0,0,1,1111,5,10,76,10,2,14,0,28,59,24,0,10,11,10,12-Sep-20,94,1,1,391,15,2,0,37,14,11,0
Confirmed,449,6205,25,9536,1292,160,407,1326,2228,5693,0,19,51,93220,388,629,2622,2216,326,1703,20,4235,3215,2526,0,1014,1523,1686,13-Sep-20,9894,109,144,22543,3139,31,0,2281,1637,3913,35
Recovered,306,5958,41,10131,2251,126,553,1205,3953,5717,0,61,22,77748,342,398,2151,2603,152,1616,44,3403,3054,1874,0,1509,1895,452,13-Sep-20,8402,55,89,11549,1855,2,0,1600,1009,3363,7
Deceased,1,80,0,66,16,0,4,15,16,74,0,0,1,1140,15,12,68,11,4,15,0,29,58,19,0,13,14,14,13-Sep-20,104,1,1,416,14,3,0,34,12,10,0
Confirmed,254,5159,11,7956,2403,176,306,1334,3336,5752,0,131,74,81913,393,255,2421,1417,368,1730,24,3229,3211,2488,0,1263,1137,1229,14-Sep-20,8244,139,96,17066,2540,33,0,2483,1043,4198,14
Recovered,130,5932,35,9764,1918,152,519,1255,1178,5799,0,14,39,79213,457,404,1448,2479,68,1644,30,3374,3084,2125,0,1529,1966,644,14-Sep-20,8865,76,149,15789,2110,16,0,1713,1037,3382,89
Deceased,5,62,1,60,13,1,14,17,18,53,0,0,1,1054,9,6,67,13,5,14,0,26,58,25,0,6,9,17,14-Sep-20,119,2,0,363,15,0,0,29,15,11,0
Confirmed,347,6841,17,8846,2409,169,613,1349,3450,5697,0,15,80,91098,375,531,2382,2058,412,1760,18,4263,3227,2493,0,1702,1575,1329,15-Sep-20,7576,174,239,20482,3216,54,0,2323,1391,3645,40
Recovered,202,6680,40,9628,1848,127,446,1444,1129,5735,0,30,42,82849,495,389,1830,2180,250,1711,32,3131,2919,2454,0,1638,1514,681,15-Sep-20,7406,39,78,19423,2532,169,0,1902,1008,3714,3
Deceased,1,113,0,69,10,2,11,17,15,68,0,2,3,1281,11,7,91,10,8,14,0,36,59,26,0,10,5,19,15-Sep-20,97,1,1,515,11,3,0,29,9,8,0
Confirmed,366,6229,19,8835,2394,226,628,1364,3189,5652,0,34,36,97856,510,454,2702,2273,460,1782,23,4473,3237,2694,0,1635,1531,1590,16-Sep-20,9725,158,110,23365,3830,48,0,2462,1540,4270,12
Recovered,181,6476,27,10845,2464,129,351,1447,1647,5768,0,41,19,82923,401,510,2756,2260,114,1479,22,3313,2971,1771,0,1607,1724,747,16-Sep-20,6580,74,103,17559,2263,32,0,1922,1192,4121,7
Deceased,5,86,0,64,19,0,4,12,23,57,0,0,2,1140,13,10,78,12,1,15,0,33,61,19,0,8,12,18,16-Sep-20,55,0,1,474,14,0,0,24,9,11,0
Confirmed,298,6029,11,8702,1380,159,644,1379,3809,5560,0,43,41,96793,317,527,2848,2159,395,1793,17,4432,3197,2457,0,1026,1592,1467,17-Sep-20,9366,162,110,24619,4351,53,0,2391,1192,4241,26
Recovered,379,4715,33,10712,2246,180,399,1652,5226,5524,0,111,22,87778,330,521,2248,2108,388,1333,23,3587,2948,2753,0,1450,1465,712,17-Sep-20,7268,78,18,19522,2737,67,0,2863,533,3607,20
Deceased,5,81,0,72,17,0,8,14,17,59,0,0,1,1175,13,5,54,9,7,14,0,38,60,24,0,11,7,19,17-Sep-20,93,3,3,468,10,4,0,33,13,13,0
Confirmed,260,6494,27,8096,2509,154,596,1410,3842,5488,0,51,59,92969,485,273,2774,2043,432,1817,24,4127,3192,2488,0,1478,1147,1330,18-Sep-20,8626,90,177,21656,4167,29,0,2552,868,4180,28
Recovered,353,6806,36,11803,2074,139,470,1293,3281,5525,0,29,42,95512,462,603,2640,1802,135,1580,28,3568,2960,2188,0,1245,1678,784,18-Sep-20,10949,95,90,22078,2744,68,0,2554,1285,4101,24
Deceased,4,98,0,67,12,0,8,16,17,67,0,0,1,1221,6,6,60,11,12,15,0,30,59,23,0,12,4,15,18-Sep-20,179,2,1,440,12,3,0,24,4,13,0
Confirmed,290,5729,13,8218,2595,245,643,1432,2617,5569,0,35,73,92574,543,535,2723,2123,286,1834,28,4071,3188,2691,0,1282,1616,1492,19-Sep-20,8364,112,117,20519,4644,39,0,2607,2078,4209,14
Recovered,351,6596,22,10820,1856,174,446,1470,1689,5556,0,42,66,94384,494,583,1915,2151,403,1540,23,4219,2993,2272,0,1645,1556,960,19-Sep-20,10815,46,94,23501,2862,34,0,2206,878,4090,16
Deceased,6,84,0,58,8,0,7,16,19,66,0,0,1,1149,11,7,51,9,5,14,0,38,56,28,0,13,2,21,19-Sep-20,114,2,3,425,18,2,0,42,14,9,0
